osCislo,jmeno,prijmeni,titulPred,titulZa,stav,userName,stprIdno,nazevSp,fakultaSp,kodSp,formaSp,typSp,typSpKey,mistoVyuky,rocnik,financovani,oborKomb,oborIdnos,email,maxDobaDatum,simsP58,simsP59,cisloKarty,pohlavi,rozvrhovyKrouzek,studijniKruh,evidovanBankovniUcet,statutPredmetu
M19000193,Adrian,Bartoň,,,S,adrian.barton,1227,Informační technologie,FM,B0613A140005,P,B,7,L,2,1,AI,3198,adrian.barton@tul.cz,,,,,M,,,A,A
M19000007,Jaroslav,Bělina,,,S,jaroslav.belina,1227,Informační technologie,FM,B0613A140005,P,B,7,L,2,1,AI,3198,jaroslav.belina@tul.cz,,,,,M,,,A,A
M19000052,Mariia,Buntovskikh,,,S,mariia.buntovskikh,1227,Informační technologie,FM,B0613A140005,P,B,7,L,2,1,IS,3200,mariia.buntovskikh@tul.cz,,,,,Ž,,,A,A
M19000053,Dominik,Čermák,,,S,dominik.cermak,1227,Informační technologie,FM,B0613A140005,P,B,7,L,2,1,IS,3200,dominik.cermak@tul.cz,,,,,M,,,N,A
M19000009,Rostislav,David,,,S,rostislav.david,1227,Informační technologie,FM,B0613A140005,P,B,7,L,2,1,AI,3198,rostislav.david@tul.cz,,,,,M,,,A,A
M19000010,David,Dlouhý,,,S,david.dlouhy,1227,Informační technologie,FM,B0613A140005,P,B,7,L,2,1,AI,3198,david.dlouhy@tul.cz,,,,,M,,,A,A
M19000194,Lukáš,Dufek,,,S,lukas.dufek,1227,Informační technologie,FM,B0613A140005,P,B,7,L,2,1,AI,3198,lukas.dufek@tul.cz,,,,,M,,,A,A
M19000012,Josef,Fryč,,,S,josef.fryc,1227,Informační technologie,FM,B0613A140005,P,B,7,L,2,1,AI,3198,josef.fryc@tul.cz,,,,,M,,,A,A
M19000014,Martin,Hájek,,,S,martin.hajek1,1227,Informační technologie,FM,B0613A140005,P,B,7,L,2,1,AI,3198,martin.hajek1@tul.cz,,,,,M,,,A,A
M19000131,Jan,Himmel,,,S,jan.himmel,1146,Aplikované vědy v inženýrství,FM,B3901,P,B,7,L,2,1,AVI,3115,jan.himmel@tul.cz,,,,,M,,,A,B
M20000034,Petr,Holec,,,S,petr.holec,1227,Informační technologie,FM,B0613A140005,P,B,7,L,2,1,AI,3198,petr.holec@tul.cz,,,,,M,M1IT1,,A,A
M19000016,Marek,Honc,,,S,marek.honc,1227,Informační technologie,FM,B0613A140005,P,B,7,L,2,1,AI,3198,marek.honc@tul.cz,,,,,M,,,A,A
M20000155,Josef,Hrdlička,,,S,josef.hrdlicka,1146,Aplikované vědy v inženýrství,FM,B3901,P,B,7,L,1,1,AVI,3115,josef.hrdlicka@tul.cz,,,,,M,M1AVI,,A,B
M19000019,Petr,Kaiser,,,S,petr.kaiser,1227,Informační technologie,FM,B0613A140005,P,B,7,L,2,1,AI,3198,petr.kaiser@tul.cz,,,,,M,,,A,A
M19000020,Aliaksei,Kalosha,,,S,aliaksei.kalosha,1227,Informační technologie,FM,B0613A140005,P,B,7,L,2,1,AI,3198,aliaksei.kalosha@tul.cz,,,,,M,,,A,A
M19000021,Mariya,Kanash,,,S,mariya.kanash,1227,Informační technologie,FM,B0613A140005,P,B,7,L,2,1,IS,3200,mariya.kanash@tul.cz,,,,,Ž,,,A,A
M19000022,Daniel,Kňourek,,,S,daniel.knourek,1227,Informační technologie,FM,B0613A140005,P,B,7,L,2,1,AI,3198,daniel.knourek@tul.cz,,,,,M,,,A,A
M19000023,Kristýna,Kohoutová,,,S,kristyna.kohoutova,1227,Informační technologie,FM,B0613A140005,P,B,7,L,2,1,AI,3198,kristyna.kohoutova@tul.cz,,,,,Ž,,,A,A
M20000040,Alice,Kollárová,,,S,alice.kollarova,1227,Informační technologie,FM,B0613A140005,P,B,7,L,1,1,IT,3196,alice.kollarova@tul.cz,,,,,Ž,M1IT2,,A,A
M19000026,Vojtěch,Linhart,,,S,vojtech.linhart,1227,Informační technologie,FM,B0613A140005,P,B,7,L,2,1,AI,3198,vojtech.linhart@tul.cz,,,,,M,,,A,A
M20000152,Šárka,Lísková,,,S,sarka.liskova,1146,Aplikované vědy v inženýrství,FM,B3901,P,B,7,L,1,1,AVI,3115,sarka.liskova@tul.cz,,,,,Ž,M1AVI,,A,B
M19000027,Khai,Ly Dinh,,,S,khai.ly.dinh,1227,Informační technologie,FM,B0613A140005,P,B,7,L,2,1,AI,3198,khai.ly.dinh@tul.cz,,,,,M,,,A,A
M19000059,Tomáš,Malčík,,,S,tomas.malcik,1227,Informační technologie,FM,B0613A140005,P,B,7,L,2,1,AI,3198,tomas.malcik@tul.cz,,,,,M,,,A,A
M19000028,Martin,Motejlek,,,S,martin.motejlek,1227,Informační technologie,FM,B0613A140005,P,B,7,L,2,1,IS,3200,martin.motejlek@tul.cz,,,,,M,,,A,A
M19000031,Matěj,Navrátil,,,S,matej.navratil,1227,Informační technologie,FM,B0613A140005,P,B,7,L,2,1,IS,3200,matej.navratil@tul.cz,,,,,M,,,A,A
M19000032,Maxim,Osolotkin,,,S,maxim.osolotkin,1227,Informační technologie,FM,B0613A140005,P,B,7,L,2,1,AI,3198,maxim.osolotkin@tul.cz,,,,,M,,,A,A
M19000033,Jan,Österreicher,,,S,jan.osterreicher,1227,Informační technologie,FM,B0613A140005,P,B,7,L,2,1,IS,3200,jan.osterreicher@tul.cz,,,,,M,,,N,A
M19000060,Lukáš,Pácl,,,S,lukas.pacl,1227,Informační technologie,FM,B0613A140005,P,B,7,L,2,1,IS,3200,lukas.pacl@tul.cz,,,,,M,,,A,A
M19000061,Mikuláš,Papp,,,S,mikulas.papp,1227,Informační technologie,FM,B0613A140005,P,B,7,L,3,1,AI,3198,mikulas.papp@tul.cz,,,,,M,,,A,A
M20000206,Martin,Petr,,,S,martin.petr,1227,Informační technologie,FM,B0613A140005,P,B,7,L,1,1,IT,3196,martin.petr@tul.cz,,,,,M,,,A,A
M19000036,Bruno,Pfohl,,,S,bruno.pfohl,1227,Informační technologie,FM,B0613A140005,P,B,7,L,2,1,AI,3198,bruno.pfohl@tul.cz,,,,,M,,,N,A
M19000037,Jan,Pluhař,,,S,jan.pluhar,1227,Informační technologie,FM,B0613A140005,P,B,7,L,2,1,AI,3198,jan.pluhar@tul.cz,,,,,M,,,A,A
M19000064,Petr,Pomeisl,,,S,petr.pomeisl,1227,Informační technologie,FM,B0613A140005,P,B,7,L,2,1,AI,3198,petr.pomeisl@tul.cz,,,,,M,,,N,A
M19000038,Filip,Prádler,,,S,filip.pradler,1227,Informační technologie,FM,B0613A140005,P,B,7,L,2,1,AI,3198,filip.pradler@tul.cz,,,,,M,,,A,A
M20000153,Anna,Rojíková,,,S,anna.rojikova,1146,Aplikované vědy v inženýrství,FM,B3901,P,B,7,L,1,1,AVI,3115,anna.rojikova@tul.cz,,,,,Ž,M1AVI,,A,B
M19000043,David,Šafařík,,,S,david.safarik,1227,Informační technologie,FM,B0613A140005,P,B,7,L,2,1,IS,3200,david.safarik@tul.cz,,,,,M,,,A,A
M20000154,Michal,Šimek,,,S,michal.simek,1146,Aplikované vědy v inženýrství,FM,B3901,P,B,7,L,1,1,AVI,3115,michal.simek@tul.cz,,,,,M,M1AVI,,N,B
M20000048,David,Šoltés,,,S,david.soltes,1227,Informační technologie,FM,B0613A140005,P,B,7,L,3,1,IT,3196,david.soltes@tul.cz,,,,,M,M1IT3,,A,A
M19000046,Ilia,Tumash,,,S,ilia.tumash,1227,Informační technologie,FM,B0613A140005,P,B,7,L,2,1,AI,3198,ilia.tumash@tul.cz,,,,,M,,,A,A
M19000047,David,Vancl,,,S,david.vancl,1227,Informační technologie,FM,B0613A140005,P,B,7,L,2,1,AI,3198,david.vancl@tul.cz,,,,,M,,,A,A
M19000049,Lenka,Wrnatová,,,S,lenka.wrnatova,1227,Informační technologie,FM,B0613A140005,P,B,7,L,2,1,AI,3198,lenka.wrnatova@tul.cz,,,,,Ž,,,N,A
