<mediawiki xmlns="http://www.mediawiki.org/xml/export-0.10/" xmlns:xsi="http://www.w3.org/2001/XMLSchema-instance" xsi:schemaLocation="http://www.mediawiki.org/xml/export-0.10/ http://www.mediawiki.org/xml/export-0.10.xsd" version="0.10" xml:lang="cs">
    <siteinfo>
        <sitename>Wikipedie</sitename>
        <dbname>cswiki</dbname>
        <base>http://cs.wikipedia.org/wiki/Hlavn%C3%AD_strana</base>
        <generator>MediaWiki 1.25wmf9</generator>
        <case>first-letter</case>
        <namespaces>
            <namespace key="-2" case="first-letter">Média</namespace>
            <namespace key="-1" case="first-letter">Speciální</namespace>
            <namespace key="0" case="first-letter" />
            <namespace key="1" case="first-letter">Diskuse</namespace>
            <namespace key="2" case="first-letter">Wikipedista</namespace>
            <namespace key="3" case="first-letter">Diskuse s wikipedistou</namespace>
            <namespace key="4" case="first-letter">Wikipedie</namespace>
            <namespace key="5" case="first-letter">Diskuse k Wikipedii</namespace>
            <namespace key="6" case="first-letter">Soubor</namespace>
            <namespace key="7" case="first-letter">Diskuse k souboru</namespace>
            <namespace key="8" case="first-letter">MediaWiki</namespace>
            <namespace key="9" case="first-letter">Diskuse k MediaWiki</namespace>
            <namespace key="10" case="first-letter">Šablona</namespace>
            <namespace key="11" case="first-letter">Diskuse k šabloně</namespace>
            <namespace key="12" case="first-letter">Nápověda</namespace>
            <namespace key="13" case="first-letter">Diskuse k nápovědě</namespace>
            <namespace key="14" case="first-letter">Kategorie</namespace>
            <namespace key="15" case="first-letter">Diskuse ke kategorii</namespace>
            <namespace key="100" case="first-letter">Portál</namespace>
            <namespace key="101" case="first-letter">Diskuse k portálu</namespace>
            <namespace key="102" case="first-letter">Rejstřík</namespace>
            <namespace key="103" case="first-letter">Diskuse k rejstříku</namespace>
            <namespace key="446" case="first-letter">Kurz</namespace>
            <namespace key="447" case="first-letter">Diskuse ke kurzu</namespace>
            <namespace key="828" case="first-letter">Modul</namespace>
            <namespace key="829" case="first-letter">Diskuse k modulu</namespace>
        </namespaces>
    </siteinfo>
    <page>
        <title>Hlavní strana</title>
        <ns>0</ns>
        <id>4</id>
        <revision>
            <id>11996583</id>
            <parentid>11981079</parentid>
            <timestamp>2014-11-10T00:09:17Z</timestamp>
            <contributor>
                <username>Kacir</username>
                <id>32146</id>
            </contributor>
            <comment>obnovena verze této stránky v podobě z 30. 9. 2014, 11:38, kdy ji uložil Jan Polák</comment>
            <model>wikitext</model>
            <format>text/x-wiki</format>
            <text xml:space="preserve">__NOTOC__ __NOEDITSECTION__ &lt;!------- ÚVODNÍ OKNO -------&gt; {|style=&quot;width:99.6%;margin-top:.7em;margin-left:.1em;background-color:#fcfcfc;border:1px solid #ccc&quot; |style=&quot;width:56%;color:#000&quot;| {|style=&quot;width:280px;border:solid 0px;background:none&quot; |- |style=&quot;padding-left:20px;text-align:left;white-space:nowrap;color:#000&quot; | &lt;div style=&quot;font-size:150%;border:none;margin: 0;padding:.1em;color:#000&quot;&gt;'''[[Wikipedie:Vítejte ve Wikipedii|Vítejte ve&amp;nbsp;Wikipedii]]''',&lt;/div&gt; &lt;div style=&quot;top:+0.2em;font-size: 95%&quot;&gt;internetové [[encyklopedie|encyklopedii]], kterou může každý [[Nápověda:Jak editovat stránku|upravovat]].&lt;/div&gt; |}&lt;!----- IKONY S PORTÁLY -------&gt; |style=&quot;width:11%;font-size:95%;color:#000&quot;| &lt;span style=&quot;white-space:nowrap&quot;&gt;[[Soubor:Nuvola apps kcoloredit.png|15px|link=Portál:Kultura|Kultura]] [[Portál:Kultura|Kultura]]&lt;/span&gt;&lt;br /&gt; &lt;span style=&quot;white-space:nowrap&quot;&gt;[[Soubor:Gnome-globe.svg|15px|link=Portál:Geografie|Geografie]] [[Portál:Geografie|Geografie]]&lt;/span&gt;&lt;br /&gt; &lt;span style=&quot;white-space:nowrap&quot;&gt;[[Soubor:Nuvola apps clock.png|15px|link=Portál:Historie|Historie]] [[:Portál:Historie|Historie]]&lt;/span&gt;&lt;br /&gt; |style=&quot;width:11%;font-size:95%&quot;| &lt;span style=&quot;white-space:nowrap&quot;&gt;[[Soubor:Nuvola apps edu mathematics.png|15px|link=Portál:Matematika|Matematika]] [[:Portál:Matematika|Matematika]]&lt;/span&gt;&lt;br /&gt; &lt;span style=&quot;white-space:nowrap&quot;&gt;[[Soubor:Nuvola apps kdmconfig.png|15px|link=Portál:Lidé|Lidé]] [[:Portál:Lidé|Lidé]]&lt;/span&gt;&lt;br /&gt; &lt;span style=&quot;white-space:nowrap&quot;&gt;[[Soubor:P philosophy.png|15px|link=Portál:Filosofie|Filosofie]] [[:Portál:Filosofie|Filosofie]]&lt;/span&gt;&lt;br /&gt; |style=&quot;width:11%;font-size:95%&quot;| &lt;span style=&quot;white-space:nowrap&quot;&gt;[[Soubor:Nuvola apps kalzium.png|15px|link=Kategorie:Věda|Věda]] [[:Kategorie:Věda|Věda]]&lt;/span&gt;&lt;br /&gt; &lt;span style=&quot;white-space:nowrap&quot;&gt;[[Soubor:Nuvola filesystems folder home.png|15px|link=Kategorie:Společnost|Společnost]] [[:Kategorie:Společnost|Společnost]]&lt;/span&gt;&lt;br /&gt; &lt;span style=&quot;white-space:nowrap&quot;&gt;[[Soubor:Nuvola apps display.png|15px|link=Kategorie:Technologie|Technologie]] [[:Kategorie:Technologie|Technologie]]&lt;/span&gt; |} &lt;!------- ÚVODNÍK -------&gt; {| border=&quot;0&quot; width=&quot;100%&quot; style=&quot;margin-bottom:-10px&quot; | &lt;div style=&quot;margin: 0px 0% 0px 0%; text-align: center;font-size:95%;&quot;&gt;[[Česká Wikipedie|Česká verze]] [[Wikipedie]] zahájila svoji činnost v roce [[2002]], nyní má již &lt;span style=&quot;font-size:110%;&quot;&gt;'''[[Speciální:Statistics|{{NUMBEROFARTICLES}}]]'''&lt;/span&gt; [[Nápověda:Jak vytvořit článek|článků]].&lt;br /&gt;Prohlédněte si [[Wikipedie:nejlepší články|nejlepší z nich]], na [[Wikipedie:Pískoviště|pískovišti]] si vyzkoušejte, [[Nápověda:Jak editovat stránku|jak se edituje]], nebo diskutujte na stránce [[Wikipedie:Pod lípou|Pod lípou]].&lt;/div&gt; &lt;div style=&quot;margin:0.7% 0px 0px 0.3%;text-align:left; font-size:90%;&quot;&gt; ''[[Wikipedie:Průvodce|Průvodce]] • [[Nápověda:Obsah|Nápověda]] • [[Wikipedie:Často kladené otázky|Ptáte&amp;nbsp;se]]&amp;nbsp;(FAQ) • [[Wikipedie:Abecední rejstřík|A–Z]] • [[Wikipedie:Portál Wikipedie|Portál Wikipedie]] (rychlá orientace) • [[Wikipedie:Pod lípou (oznámení)|Oznámení]] • [[Wikipedie:Pod lípou|Pod lípou]] • [[Wikipedie:Kontakt|Kontakt]]''&lt;/div&gt; | style=&quot;width: 120px&quot; | &lt;div style=&quot;padding-bottom:.8em; margin-top:15px; text-align:center; padding-right: 8px; float:right;&quot;&gt;[[Soubor:Other languages icon.svg|80px]] &lt;div style=&quot;margin-top:2%&quot;&gt;&lt;span style=&quot;font-size:90%;white-space:nowrap&quot;&gt;[[#jinejazyky|Jiné jazyky]] | [[Wikipedie:Velvyslanectví|Embassy]]&lt;/span&gt;&lt;/div&gt;&lt;/div&gt; |} &lt;!------- TABULKA UDRŽUJÍCÍ DESIGN -------&gt; {| style=&quot;width: 100%; padding: 0px;margin-top:4px;&quot; | style=&quot;width: 55%; vertical-align: top;&quot;| &lt;!------- ČLÁNEK TÝDNE -------&gt; &lt;div style=&quot;background-color: rgb(253, 254, 255); width: 100%; border: 1px rgb(170, 213, 255) solid; margin-bottom: 5px;margin-left:-1px&quot;&gt; &lt;div style=&quot;height: 16pt; background-color: rgb(170, 213, 255); border: 0px; border-bottom: 1px rgb(130, 173, 215); border-style: solid; font: 11pt; font-weight: bolder; position: relative;&quot;&gt; &lt;div style=&quot;position: absolute; top: 0; left: 0;&quot;&gt;[[Soubor:Clanektydne.gif|32px|]]&lt;/div&gt; &lt;div style=&quot;padding-left: 35px;&quot;&gt;[[:Wikipedie:Článek týdne|Článek týdne]]&lt;/div&gt;&lt;/div&gt; &lt;div style=&quot;margin: 0.4em; margin-top: 1em; text-align: justify;&quot;&gt; &lt;div id=&quot;mp-tfa&quot;&gt;{{Wikipedie:Článek týdne/{{#time:o/W|{{#ifexist:Wikipedie:Článek týdne/{{#time:o/W}}||-1 week}}}}}}&lt;/div&gt; &lt;/div&gt; &lt;div style=&quot;width: 100%; background-color: rgb(205, 232, 255); border-top: rgb(170, 213, 255) 1px solid; text-align: right; font-size: 90%; clear: both;&quot;&gt;[[Wikipedie:Článek týdne/Archiv|Archiv]] • [[Wikipedie:Nejlepší články|Nejlepší články]] (například {{Wikipedie:Článek týdne/Nejlepší článek}}) • [[Wikipedie:Dobré články|Další dobré články…]]&lt;/div&gt; &lt;/div&gt; &lt;!------- VÍTE ŽE -------&gt; &lt;div style=&quot;background-color: rgb(255, 254, 255); width: 100%; border: 1px rgb(170, 213, 255) solid; margin-bottom: 5px;margin-left:-1px&quot;&gt; &lt;div style=&quot;height: 16pt; background-color: rgb(170, 213, 255); border: 0px; border-bottom: 1px rgb(130, 173, 215); border-style: solid; font: 11pt; font-weight: bolder; position: relative;&quot;&gt; &lt;div style=&quot;position: absolute; top: 0; left: 0;&quot;&gt;[[Soubor:Viteze.gif|32px]]&lt;/div&gt; &lt;div style=&quot;padding-left: 35px;&quot;&gt;[[Wikipedie:Zajímavosti|Víte, že…]]&lt;/div&gt;&lt;/div&gt; &lt;div style=&quot;clear: both; font-size: 95%; padding-top: 0.5em; margin: 0.5em&quot;&gt; &lt;div id=&quot;mp-dyk&quot;&gt;{{Wikipedie:Zajímavosti/{{#time:o/W|{{#ifexist:Wikipedie:Zajímavosti/{{#time:o/W}}||-1 week}}}}}}&lt;/div&gt; &lt;/div&gt; &lt;div style=&quot;width: 100%; background-color: rgb(205, 232, 255); border-top: rgb(170, 213, 255) 1px solid; text-align: right; font-size: 90%; clear: right&quot;&gt;[[Speciální:Newpages|Nejnovější články]] • [[Wikipedie:Zajímavosti|Další zajímavosti…]]&lt;/div&gt; &lt;/div&gt; &lt;!------- KATEGORIE -------&gt; &lt;div style=&quot;background-color: rgb(253, 254, 255); width: 100%; border: 1px rgb(170, 213, 255) solid; margin-bottom: 5px;margin-left:-1px&quot;&gt; &lt;div style=&quot;height: 16pt; background-color: rgb(170, 213, 255); border: 0px; border-bottom: 1px rgb(115, 165, 215); border-style: solid; font: 11pt; font-weight: bolder; position: relative;&quot;&gt; &lt;div style=&quot;position: absolute; top: 0; left: 0;&quot;&gt;[[Soubor:Kategorie.gif|32px]]&lt;/div&gt; &lt;div style=&quot;padding-left: 35px;&quot;&gt;[[:Kategorie:Kategorie|Listování kategoriemi]]&lt;/div&gt;&lt;/div&gt; &lt;div style=&quot;clear: both; font-size: 95%; margin: 0.5em&quot;&gt; {{Wikipedie:Přehled kategorií}} &lt;/div&gt; &lt;div style=&quot;background-color: rgb(205, 232, 255); border-top: rgb(170, 213, 255) 1px solid; text-align: right; font-size: 90%;&quot;&gt;[[Nápověda:Kategorie|Další informace…]]&lt;/div&gt; &lt;/div&gt; &lt;!------- PORTÁLY -------&gt; &lt;div style=&quot;background-color: rgb(253, 254, 255); width: 100%; border: 1px rgb(170, 213, 255) solid; margin-bottom: 5px;margin-left:-1px&quot;&gt; &lt;div style=&quot;height: 16pt; background-color: rgb(170, 213, 255); border: 0px; border-bottom: 1px rgb(115, 165, 215); border-style: solid; font: 11pt; font-weight: bolder; position: relative;&quot;&gt; &lt;div style=&quot;position: absolute; top: 0; left: 0;&quot;&gt;[[Soubor:Portal.svg|32px]]&lt;/div&gt; &lt;div style=&quot;padding-left: 35px;&quot;&gt;[[Portál:Obsah|Tematické portály]]&lt;/div&gt;&lt;/div&gt; &lt;div style=&quot;clear: both; font-size: 95%; padding-top: 0.5em; margin: 0.5em&quot;&gt; {{Wikipedie:Přehled wikiportálů}} &lt;/div&gt; &lt;div style=&quot;width: 100%; background-color: rgb(205, 232, 255); border-top: rgb(170, 213, 255) 1px solid; text-align: right; font-size: 90%;&quot;&gt;[[Wikipedie:Wikiportál|Další informace…]]&lt;/div&gt; &lt;/div&gt; | &lt;!------- DRUHÝ SLOUPEC -------&gt; | style=&quot;vertical-align: top;&quot;| &lt;!------- OBRÁZEK TÝDNE -------&gt; &lt;div style=&quot;background-color: rgb(255, 254, 251); border: 1px rgb(245, 223, 154) solid; margin-bottom: 5px;&quot;&gt; &lt;div style=&quot;height: 16pt; background-color: rgb(245, 223, 154); border: 0px; border-bottom: 1px rgb(205, 183, 114); border-style: solid; font: 11pt; font-weight: bolder; position: relative;&quot;&gt; &lt;div style=&quot;position: absolute; top: 0; left: 0;&quot;&gt;[[Soubor:Crystal 128 xpaint.gif|32px]]&lt;/div&gt; &lt;div style=&quot;padding-left: 35px;&quot;&gt;[[:Wikipedie:Obrázek týdne|Obrázek týdne]]&lt;/div&gt;&lt;/div&gt; &lt;div style=&quot;clear: both; padding-top: 0.5em; margin: 0.5em; text-align: justify;&quot;&gt; &lt;div id=&quot;mp-tfp&quot;&gt;{{Wikipedie:Obrázek týdne/{{#time:o/W|{{#ifexist:Wikipedie:Obrázek týdne/{{#time:o/W}}||-1 week}}}}}}&lt;/div&gt; &lt;/div&gt; &lt;div style=&quot;width: 100%; background-color: rgb(255, 240, 205); border-top: rgb(245, 223, 154) 1px solid; text-align: right; font-size: 90%;&quot;&gt;[[Wikipedie:Obrázek týdne/Archiv|Archiv]] • [[Nápověda:Obrázky|Další informace…]]&lt;/div&gt; &lt;/div&gt; &lt;!------- AKTUALITY -------&gt; &lt;div style=&quot;background-color: rgb(255, 254, 251); border: 1px rgb(245, 223, 154) solid; margin-bottom: 5px&quot;&gt; &lt;div style=&quot;height: 16pt; background-color: rgb(245, 223, 154); border: 0px; border-bottom: 1px rgb(205, 183, 114); border-style: solid; font: 11pt; font-weight: bolder; position: relative;&quot;&gt; &lt;div style=&quot;position: absolute; top: 0; left: 0;&quot;&gt;[[Soubor:Aktuality.gif|32px]]&lt;/div&gt; &lt;div style=&quot;padding-left: 35px;&quot;&gt;[[Portál:Aktuality|Aktuality]]&lt;/div&gt;&lt;/div&gt; &lt;div style=&quot;clear: both; font-size: 95%; padding-top: 0.5em; margin: 0.5em&quot;&gt; &lt;div id=&quot;mp-itn&quot;&gt;{{Nejnovější aktuality}}&lt;/div&gt; &lt;/div&gt; &lt;div style=&quot;width: 100%; background-color: rgb(255, 240, 205); border-top: rgb(245, 223, 154) 1px solid; text-align: right; font-size: 90%&quot;&gt;[[Soubor:GoToWikinews.svg|40px|link=n:|Wikizprávy]] [[n:|Wikizprávy]]&lt;/div&gt; &lt;/div&gt; &lt;!------- KALENDÁŘ -------&gt; &lt;div style=&quot;background-color: rgb(255, 254, 251); border: 1px rgb(245, 223, 154) solid; margin-bottom: 5px&quot;&gt; &lt;div style=&quot;height: 16pt; background-color: rgb(245, 223, 154); border: 0px; border-bottom: 1px rgb(205, 183, 114); border-style: solid; font: 11pt; font-weight: bolder; position: relative;&quot;&gt; &lt;div style=&quot;position: absolute; top: 0; left: 0;&quot;&gt;[[Soubor:Exquisite-kalarm.gif|32px]]&lt;/div&gt; &lt;div style=&quot;padding-left: 35px;&quot;&gt;[[{{CURRENTDAY}}. {{CURRENTMONTHNAME}}|{{CURRENTDAY}}. {{CURRENTMONTHNAME}} v minulosti]]&lt;/div&gt;&lt;/div&gt; &lt;div style=&quot;clear: both; font-size: 95%; padding-top: 0.5em; margin: 0.5em&quot;&gt; {{Wikipedie:Vybraná výročí dne/{{CURRENTDAY}}. {{CURRENTMONTHNAME}}}} &lt;/div&gt; &lt;div style=&quot;width: 100%; background-color: rgb(255, 240, 205); border-top: rgb(250, 225, 145) 1px solid; text-align: right; font-size: 90%;&quot;&gt;[[Wikipedie:Vybraná výročí dne/{{CURRENTMONTHNAME}}|Další výročí…]]&lt;/div&gt; &lt;/div&gt; &lt;!------- REDAKCE -------&gt; &lt;div style=&quot;background-color: rgb(255, 254, 251); border: 1px rgb(245, 223, 154) solid; margin-bottom: 5px&quot;&gt; &lt;div style=&quot;height: 16pt; background-color: rgb(245, 223, 154); border: 0px; border-bottom: 1px rgb(205, 183, 114); border-style: solid; font: 11pt; font-weight: bolder; position: relative;&quot;&gt; &lt;div style=&quot;position: absolute; top: 0; left: 0;&quot;&gt;[[Soubor:Redakce.gif|32px]]&lt;/div&gt; &lt;div style=&quot;padding-left: 35px;&quot;&gt;[[Wikipedie:Portál Wikipedie|Redakce]]&lt;/div&gt;&lt;/div&gt; &lt;div style=&quot;clear: both; font-size: 95%; padding-top: 0.5em; margin: 0.5em&quot;&gt; {{Wikipedie:Redakce}} &lt;/div&gt; &lt;div style=&quot;width: 100%; background-color: rgb(255, 240, 205); border-top: rgb(245, 223, 154) 1px solid; text-align: right; font-size: 90%;&quot;&gt;[[Nápověda:Obsah|Další informace…]]&lt;/div&gt; &lt;/div&gt; |- | colspan=&quot;3&quot; | &lt;!------- SESTERSKÉ PROJEKTY -------&gt; &lt;div style=&quot;margin-left:-1px; width: 99.9%; background-color: rgb(255, 254, 255); border: 1px rgb(210, 210, 240) solid; margin-bottom: 5px&quot;&gt; &lt;div style=&quot;height: 16pt; background-color: rgb(210, 210, 240); border: 0px; border-bottom: 1px rgb(170, 170, 200); border-style: solid; font: 11pt; font-weight: bolder; position: relative;&quot;&gt; &lt;div style=&quot;position: absolute; top: 0; left: 0;&quot;&gt;[[Soubor:Nuvola_apps_kdf.gif|32px]]&lt;/div&gt; &lt;div style=&quot;padding-left: 35px;&quot;&gt;[[Nadace Wikimedia|Ostatní projekty]]&lt;/div&gt;&lt;/div&gt; &lt;div style=&quot;margin-top:.8em&quot;&gt; {{Wikipediasister}} &lt;/div&gt; &lt;/div&gt; &lt;!------- OSTATNÍ JAZYKY -------&gt; &lt;div id=&quot;jinejazyky&quot; style=&quot;margin-left:-1px; width: 99.9%; background-color: rgb(255, 254, 255); border: 1px rgb(210, 210, 240) solid; margin-bottom: 5px&quot;&gt; &lt;div style=&quot;height: 16pt; background-color: rgb(210, 210, 240); border: 0px; border-bottom: 1px rgb(170, 170, 200); border-style: solid; font: 11pt; font-weight: bolder; position: relative;&quot;&gt; &lt;div style=&quot;position: absolute; top: 0; left: 0;&quot;&gt;[[Soubor:Crystal 128 locale.gif|32px]]&lt;/div&gt; &lt;div style=&quot;padding-left: 35px;&quot;&gt;[[meta:List of Wikipedias|Ostatní jazyky]]&lt;/div&gt;&lt;/div&gt; &lt;div style=&quot;clear: both; font-size: 95%; margin: 0.5em&quot;&gt; {{Wikipedie:Ostatní jazyky}} &lt;/div&gt; &lt;/div&gt; &lt;!------- SPODNÍ ODKAZY -------&gt; &lt;div class=&quot;MainPageBG&quot; style=&quot;padding: .5em 1em 0; margin: 3px 3px 0; text-align: center;&quot;&gt; &lt;small class=&quot;plainlinks&quot;&gt; &lt;small&gt; [[Speciální:Allpages|'''Všechny články''']] | [[Speciální:Newpages|'''Nové články''']] | [[Speciální:Lonelypages|'''Sirotčí stránky''']] | [[Speciální:Categories|'''Kategorie''']] | [https://cs.wikipedia.org/wiki/Hlavní_strana '''Zabezpečená verze'''] | [{{fullurl:{{FULLPAGENAME}}|action=purge}} '''Obnovit cache'''] &lt;/small&gt; &lt;/div&gt; &lt;div style=&quot;text-align: center;&quot;&gt;&lt;small&gt; '''[[#top|NAHORU]]''' &lt;/small&gt;&lt;/div&gt; |}
            </text>
            <sha1>recm0q7qcypke2czh5n14823v7yp6tj</sha1>
        </revision>
    </page>
    <page>
        <title>Nápověda:Jak vytvořit článek</title>
        <ns>12</ns>
        <id>7</id>
        <revision>
            <id>11709082</id>
            <parentid>11709073</parentid>
            <timestamp>2014-07-31T23:47:59Z</timestamp>
            <contributor>
                <username>Matěj Orlický</username>
                <id>116886</id>
            </contributor>
            <minor />
            <comment>/* Otevření editačního okna */ +odkaz</comment>
            <model>wikitext</model>
            <format>text/x-wiki</format>
            <text xml:space="preserve">{{Dlouhodobě polozamčeno}} {{Možná hledáte|[[Nápověda:Jak editovat stránku]]}} Tato nápověda obsahuje základní návod pro '''vytvoření nového [[Wikipedie:Článek|článku]]''' na [[Česká Wikipedie|Wikipedii]]. Než se pustíte do založení vašeho prvního článku, je vhodné si nejdříve [[Wikipedie:Editujte s odvahou|vyzkoušet editaci]] již existujícího článku nebo na [[Wikipedie:Pískoviště|Pískovišti]]. Pokud se založením článku váháte, abyste něco nepokazili, zkuste si odpovědět na tyto otázky: # [[Wikipedie:Co Wikipedie není|Patří text do encyklopedie?]] # Jde o (původní) text, jehož zveřejněním nebude [[Wikipedie:Porušení práv|porušeno autorské právo]]? Pokud jsou odpovědi ''ano'', neváhejte, vložte níže název, potvrďte a napište text článku. Chyby a nedostatky lze kdykoliv opravit a s vylepšením článku pravděpodobně pomohou zkušenější wikipedisté. Je lepší napsat článek s chybami než nenapsat článek vůbec. &lt;div style=&quot;border: 2px solid #fc0; background: #fe9; margin:0; padding: 1em; text-align:center&quot;&gt; &lt;big&gt;'''{{SITENAME}}: Každý může být autorem článku!'''&lt;/big&gt; &lt;div style=&quot;border: 2px solid #fd6; background: #fff; margin:1em 1ex 1ex 1ex; padding: 1em; text-align:center&quot;&gt; {| cellpadding=&quot;8&quot; cellspacing=&quot;0&quot; border=&quot;0&quot; | align=&quot;right&quot; |'''''Napište název:'''''&lt;br /&gt;&lt;small&gt;a klikněte na „Vytvořit článek“&lt;/small&gt; | align=&quot;left&quot; | &lt;inputbox&gt;type=create width=45 &lt;/inputbox&gt; |} &lt;/div&gt; &lt;/div&gt; == Téma patřící do encyklopedie == Před založením článku se zamyslete, zda je téma dostatečně [[Wikipedie:Encyklopedická významnost|významné]] a vhodné pro zařazení do [[encyklopedie]]. Dále se ujistěte, že máte minimální základní informace o tématu, které postačí pro napsání (byť stručného) encyklopedického hesla. '''Nevytvářejte [[Wikipedie:Propagační článek|propagační články]]''', které šíří reklamu, jednostranné názory nebo nepublikované výsledky výzkumu. Nevhodné jsou zejména: * '''Reklamní stránky''' – články o firmách, produktech apod., které nejsou objektivně celospolečensky významné. * '''[[Wikipedie:Žádný vlastní výzkum|Nepublikované výsledky výzkumu]]''' – teorie, názory a myšlenky, které zatím nebyly seriózním způsobem zveřejněné. * '''[[Wikipedie:Autobiografie|Články o sobě]]''' – či [[Wikipedie:Významnost (lidé)|blízkých]], které je těžké napsat objektivně a neutrálně. Můžete založit svoji [[Wikipedie:Uživatelská stránka|uživatelskou stránku]]. Články mají být encyklopedické, objektivní, založené na již [[Wikipedie:Věrohodné zdroje|zpracovaných a publikovaných informacích]] a názory prezentovat neutrálně a vyváženě. == Volba vhodného názvu == {{Nápověda podrobně|Wikipedie:Název článku}} Před založením článku je potřeba zvolit vhodné jméno a u nejednoznačného názvu zkontrolovat, zda již na dané téma neexistuje článek pod jiným názvem. Za název článku volíme nejběžnější v češtině používané označení a takové, pod kterým by ho čtenář nejspíše hledal. Zpravidla se používá tvar v jednotném čísle ([[oblak]], [[hřebík]]), množné číslo jen pokud jeho použití ''výrazně převažuje'' ([[Blíženci]]) a v určitých případech jako je označení členů zvířecích a dalších skupin ([[členovci]], [[Evropané]]). V názvech se také zpravidla nepoužívají zkratky. Pokud je jméno společné pro více významů, upřesníme název tzv. [[Wikipedie:Rozlišovač|rozlišovačem]] v závorce za jménem: [[zámek (stavba)]], [[Josef Novák (politik)]]. Pro odlišení více významů slouží speciální stránky, [[Wikipedie:Rozcestníky|rozcestníky]], na místo alternativních (jiných možných) názvů se vkládá [[Nápověda:Přesměrování|přesměrování]] na článek. == Založení nového článku == === Otevření editačního okna === Nový článek ve Wikipedii můžete začít editovat dvěma jednoduchými způsoby: # Pomocí políčka na začátku této nápovědy. # Kliknutím na [[Nápověda:červený odkaz|červený odkaz]], který odpovídá jeho názvu: #* červený odkaz již vložený do jiného článku #* červený odkaz, který se objeví ve výsledcích [[Nápověda:Hledání|vyhledávání]], pokud zvolený název zadáte do vyhledávacího políčka vpravo nahoře. Po kliknutí na červeně zbarvený odkaz se objeví stránka s [[Nápověda:Editační okno|editačním oknem]], do kterého můžete vepsat (nebo vložit předem připravený) text o tématu. ''Tip pro pokročilé:'' V adresním řádku prohlížeče napište &lt;code&gt;&lt;nowiki&gt;http://cs.wikipedia.org/wiki/Název nového článku&lt;/nowiki&gt;&lt;/code&gt;, objeví se stránka s možností založit článek. === Doporučení pro psaní článku === Článek by měl mít charakter encyklopedického hesla. Tedy ne např. osobní dojmy z dovolené, ale třeba faktické údaje o počtu obyvatel navštíveného města, historii, památkách apod. Používejte '''[[WP:Encyklopedický styl|encyklopedický styl]]''' (sloh). Pište věcně, objektivně, popisně, spisovnou češtinou a odborné výrazy používejte tak, aby text pochopil i laik (český ekvivalent, odkazy na články ap.). Vyhněte se oslovování čtenáře, místo subjektivních výrazů (''u nás, v dnešní době'') používejte obecně platné výrazy (např. ''v Česku, v roce xxxx''), minulé děje popisujte v minulém čase (ne Karel IV. ''začíná'' vládnout). V článku je možné uvádět i '''názory''', hodnocení, interpretace a podobné neobjektivní údaje, které lze případně zpochybnit. Povolené jsou však jen významné, [[Wikipedie:Věrohodné zdroje|seriózně publikované]] názory prezentované v článku z '''[[Wikipedie:Nezaujatý úhel pohledu|neutrálního hlediska]]''' a je žádoucí vyváženě představit všechny takové (odlišné) názory. Neutrální je např. formulace: ''Vědec XY ve své knize ABC uvádí, že…'' Pokud chcete uvést krátkou citaci z cizího díla, uveďte u ní autora a odkaz, odkud citujete. '''Bez souhlasu však nevkládejte delší pasáže či celé texty''', k nimž nemáte [[Nápověda:Svolení autora|svolení autora]] nebo nejsou [[Volné dílo|volnými díly]]. === Postup při psaní textu === Pro psaní textu je třeba si osvojit několik málo kódů (značek) používaných uvnitř textu pro jeho formátování a další funkce. Případně lze kliknout nahoře na stránce na záložku ''Založit'' (místo vybrané ''Založit zdroj'') a k editaci bez značek využít [[Wikipedie:VisualEditor|VisualEditor]]. {{Nápověda podrobně|Nápověda:Formátování textu|Wikipedie:Struktura článku}} V '''[[Nápověda:Úvod článku|úvodu článku]]''' (první větě) popište ve stručné definici, o čem článek pojednává a jeho název v této větě zvýrazněte tučně. To se provádí vložením trojice [[apostrof]]ů z každé strany textu: &lt;tt&gt;&lt;nowiki&gt;'''tučný text'''&lt;/nowiki&gt;&lt;/tt&gt;, podobně názvy uměleckých děl pište kurzívou pomocí dvou apostrofů: &lt;tt&gt;&lt;nowiki&gt;''text kurzívou''&lt;/nowiki&gt;&lt;/tt&gt;. Apostrof a další [[Nápověda:Speciální znaky|speciální znaky]], které nenajdete na klávesnici, můžete vložit pomocí rámečku pod editačním oknem. '''Odstavec''' začínejte psát vždy od kraje, nevkládejte před text mezery, způsobily by špatné formátování. Nový odstavec vytvoříte vložením prázdného řádku do zdrojového textu, jednoduché odřádkování se ve výsledném článku neprojeví. [[Nápověda:Nadpisy|Nadpisy]] se vyznačují dvojicí ''rovná se'' (==) před a za textem nadpisu. Důležité je propojení s ostatními články Wikipedie. '''[[Nápověda:Vnitřní odkazy|Odkaz na článek]]''' se vytváří vložením jeho názvu do dvojitých hranatých závorek: &lt;tt&gt;&lt;nowiki&gt;[[Evropa]]&lt;/nowiki&gt;&lt;/tt&gt;. Pokud se text ve větě přesně neshoduje s názvem článku, např. je v jiném pádě, vloží se do závorek název článku, [[svislá čára]] a text, který se má zobrazit: &lt;tt&gt;&lt;nowiki&gt;[[Evropa|Evropou]]&lt;/nowiki&gt;&lt;/tt&gt;. Odkaz se objeví v požadované podobě [[Evropa|Evropou]], ale povede na správný název článku. Do textu můžete '''[[Nápověda:Obrázky|přidat obrázek]]''', který se nachází v úložišti zvaném [[Wikimedia Commons|Commons]]. Základní vložení obrázku se provádí pomocí kódu v podobě: &lt;tt&gt;&lt;nowiki&gt;[[Soubor:Název souboru.jpg|náhled|Titulek obrázku]]&lt;/nowiki&gt;&lt;/tt&gt;. Je nutné nalézt (případně načíst) vhodný obrázek na Commons a vložit jeho přesný název včetně přípony (''Název souboru.jpg''). Článek je vhodné zařadit do '''[[Nápověda:Kategorie|tématických kategorií]]''', které se objevují v rámečku na spodním okraji článku. Jednotlivé kategorie se zapisují na konec článku kódem ve tvaru &lt;tt&gt;&lt;nowiki&gt;[[Kategorie:Název kategorie]]&lt;/nowiki&gt;&lt;/tt&gt;. Vhodné kategorie naleznete v příbuzných článcích, případně můžete kategorizaci ponechat na zkušenějších wikipedistech. === Uložení nového článku === Před uložením nového článku si prohlédněte, jak bude výsledek vypadat pomocí tlačítka '''[[Nápověda:Náhled|Ukázat náhled]]'''. Do ''[[Nápověda:Shrnutí editace|Shrnutí editace]]'' můžete shrnout zdroje, z kterých jste čerpali informace. Nakonec vlevo pod oknem kliknete na ''Uložit změny'' a zobrazí se váš článek nově uložený do Wikipedie. Pokud existuje článek v [[Nápověda:Mezijazykové odkazy|jiných jazycích]], propojte s nimi váš nový článek: v levém menu pod nadpisem ''V jiných jazycích'' zvolte ''Přidat odkazy''. Také je dobré doplnit odkaz na nový článek na vhodná místa tématicky souvisejících článků české Wikipedie. == Související == * [[Nápověda:Jak editovat stránku|Jak editovat stránku]] * [[Wikipedie:Vzhled a styl|Vzhled a styl]] * [[Wikipedie:Časté chyby|Časté chyby]] * [[Wikipedie:Drobné rady|Drobné rady]] ;Seznam pravidel a doporučení * [[:Kategorie:Wikipedie:Závazná pravidla|Pravidla]] * [[:Kategorie:Wikipedie:Doporučení|Doporučení]] [[Kategorie:Wikipedie:Návody|Jak vytvořit článek]] [[Kategorie:Wikipedie:Editace]]
            </text>
            <sha1>le5lfu8lkv0tglbfbis8adummu4dh2r</sha1>
        </revision>
    </page>
    <page>
        <title>Nápověda:Editace stránky podrobně</title>
        <ns>12</ns>
        <id>8</id>
        <revision>
            <id>11709502</id>
            <parentid>11709498</parentid>
            <timestamp>2014-08-01T08:28:12Z</timestamp>
            <contributor>
                <username>Matěj Orlický</username>
                <id>116886</id>
            </contributor>
            <minor />
            <comment>odebrána [[Kategorie:Nápověda:Rady nováčkům]] za použití HotCat</comment>
            <model>wikitext</model>
            <format>text/x-wiki</format>
            <text xml:space="preserve">{{Dlouhodobě polozamčeno}} {{Možná hledáte|[[Nápověda:Jak vytvořit článek]]}} '''Editace stránek''' Wikipedie, tedy upravování již existujících [[Wikipedie:Článek|článků]] a dalších stránek lze provádět dvěma způsoby: # Využitím [[Nápověda:VisualEditor|VisualEditoru]], který umožňuje editovat stránku v podobě, v jaké se čte. Zatím funguje s různými omezeními ([[beta verze]]). Spouští se záložkou '''Editovat''' v horní části okna. # Editováním zdrojového textu článku, který obsahuje text článku doplněný různými značkami (vyhrazené kombinace různých znaků) a kódy, které určují formátování textu, tedy jeho výslednou podobu, umožňují vkládání obrázků apod. Editace se spouští záložkou '''Editovat zdroj''' v horní části okna. Tato nápověda popisuje základy editace druhým způsobem. __TOC__ == Otevření k editaci a ukládání změn == [[Soubor:Wikipedie Editace.jpg|náhled|400px|Klikněte na záložku editovat]] === Otevření k editaci === Na stránce, kterou chcete upravit nebo doplnit, klikněte na záložku '''Editovat zdroj''' v její horní části. Můžete upravovat i jen část (sekci) stránky kliknutím na stejnojmenný odkaz u příslušného nadpisu. Objeví se nadpis '''Editace stránky ''(Název editované stránky)''''' případně ještě '''''(část)''''' a pod ním [[Nápověda:Editační okno|editační okno]] se zdrojovým textem článku, který můžete upravit. === Uložení změn === Při editaci používejte tlačítko '''Ukázat [[Nápověda:náhled|náhled]] '''pod editačním oknem, které zobrazí text článku (části) tak, jak bude vypadat po uložení. Umožní vám během editace kontrolovat, jak se úpravy textu, formátování, vkládání obrázku atd. projevují v článku. Před uložením změn vyplňte do políčka '''[[Wikipedie:Shrnutí editace|shrnutí editace]] '''velmi stručný popis či označení druhu editace (''pravopis, odkaz'' atd.). Shrnutí editace výrazně pomáhá ostatním wikipedistům v orientaci v prováděných změnách, proto na něj prosím nezapomínejte. Před uložením změn prohlédněte náhled a rozhodněte, zda jste s úpravami hotovi. Každé kliknutí na '''Uložit změny''' zapíše úpravy do historie článku a také se objeví ve [[Nápověda:Sledované stránky|sledovaných stránkách]] ostatních uživatelů a v [[Nápověda:Poslední změny|posledních změnách]]. Opakované, po sobě následující ukládání změn (např. opožděně a postupně opravovaných chyb) tak mj. zatěžuje ostatní wikipedisty, kteří sledují a kontrolují provedené změny, což je činnost nezbytná pro fungování Wikipedie. ''Při editaci na Wikipedie používejte tlačítko „Zpět“ v prohlížeči obezřetně, můžete se dostat zpět na editaci dřívější verze stránky.'' == Obsahové změny == Při psaní článku dodržujte tyto zásady: * Patří k etice [[Wikipedie]] nemazat relevantní informace, vhodné je pouze přidávat a doplňovat. * Pokud se vám nelíbí původní text (zejména v otázce pojetí a sporné faktografie), je dobré se s jeho autorem dohodnout nebo ho aspoň informovat o vaší změně a důvodech, které k ní vedly. Toto se ovšem netýká oprav jednoduchých a zjevných faktických chyb, gramatických chyb a zjevných stylistických nedostatků – ty se běžně provádějí jen se stručným komentářem ve [[Wikipedie:shrnutí editace|shrnutí editace]]). == Formátování textu == {{Nápověda podrobně|Nápověda:Formátování textu}} === Základy způsobu psaní === Pište vždy od levého okraje (jinak se text neobjeví správně,&lt;br /&gt;jak vidíte na této větě). :První řádek odstavce se neodsazuje. Zleva odsadit lze pouze celý odstavec, to se však běžně používá pouze v [[Nápověda:Diskusní stránka|diskusích]]. Odsazení odpovědi v diskusi se provádí vložením dvojtečky na začátek řádky. Nový odstavec se začne vložením prázdného řádku (dvojitým odřádkováním). Jednoduché odřádkování slouží pouze k členění zdrojového textu, ve výsledném článku se text spojí do jednoho odstavce. Při editaci článků se používají jako formátovací značky některé [[Nápověda:Speciální znaky|speciální znaky]], je vhodné se naučit vkládat alespoň nejběžnější [[apostrof]] &lt;tt&gt;'&lt;/tt&gt;, hranaté [[závorky]] &lt;tt&gt;[ ]&lt;/tt&gt; a [[Svislá čára|svislou čáru]] &lt;tt&gt;|&lt;/tt&gt;. Způsob vkládání pomocí klávesnice závisí na vašem [[Operační systém|operačním systému]] a [[Rozložení kláves|rozložení klávesnice]]. Zde se uvádí nejčastější možnosti na systému Windows, kde lze znaky vložit také podržením pravé [[Klávesa Alt|klávesy Alt]] a napsáním kódu znaku na numerické klávesnici. Dalším, i když pomalejším způsobem je kliknutí na požadovaný symbol v rámečku se speciálním znaky pod editačním oknem. * &lt;tt&gt;'&lt;/tt&gt; [[apostrof]]: [[Klávesa Shift|Shift]] + klávesa vlevo či nad [[Enter]]em, příp. Alt + kód 39 * &lt;tt&gt;[&lt;/tt&gt; levá hranatá [[Závorky|závorka]]: [[Klávesa Alt|pravý Alt]] + F nebo pravý Alt + '''ú''' ([[Rozložení kláves|QWERTY]]), též Alt + kód 91 * &lt;tt&gt;]&lt;/tt&gt; pravá hranatá závorka: pravý Alt + G nebo pravý Alt + ''')''' (QWERTY), též Alt + kód 93 * &lt;tt&gt;|&lt;/tt&gt; [[svislá čára]] pravý Alt + W, též Alt + kód 124 Pokud chcete text '''tučně''' zvýraznit, dejte před něj i za něj '''tři''' apostrofy. &lt;pre&gt;&lt;nowiki&gt;'''tučně'''&lt;/nowiki&gt;&lt;/pre&gt; Pokud chcete text odlišit ''kurzívou'', dejte '''dva''' apostrofy. &lt;pre&gt;&lt;nowiki&gt;''kurzívou''&lt;/nowiki&gt;&lt;/pre&gt; Tam, kde to bude pro čtenáře přínosné, doplňte do textu [[Nápověda:Odkazy|odkazy]] na existující i případně chybějící články. Odkazy se vkládají do dvojitých hranatých [[Závorky|závorek]]. Pokud se text shoduje s názvem článku, jednoduše jej uzavřete do dvojitých hranatých závorek. &lt;pre&gt;&lt;nowiki&gt;[[Evropa]]&lt;/nowiki&gt;&lt;/pre&gt; Pokud se text odlišuje od přesného názvu článku, např. je v jiném než prvním pádu, napíšete do závorek nejdříve název článku, za něj svislou čáru a text, který se má zobrazit modře jako odkaz, např.: &lt;pre&gt;&lt;nowiki&gt;[[Evropa|Evropou]]&lt;/nowiki&gt;&lt;/pre&gt; V textu se pak objeví tvar [[Evropa|Evropou]], který jako odkaz povede na heslo v základním tvaru (Evropa). Pokud se tvar liší jen připojenou koncovkou k názvu článku v prvním pádě (např. tramvaj – tramvaj''emi''), stačí připsat koncovku za odkaz, takto: &lt;pre&gt;&lt;nowiki&gt;[[tramvaj]]emi&lt;/nowiki&gt;&lt;/pre&gt; V textu se pak koncovka za závorkou stane součástí modrého odkazu: [[tramvaj]]emi, ale odkazovaný bude správný článek v 1. pádě. === Nadpisy === {{Nápověda podrobně|Nápověda:Nadpisy}} Oddíl začněte vložením nadpisu mezi dvojici rovnítek: &lt;pre&gt;&lt;nowiki&gt; == Nadpis oddílu == &lt;/nowiki&gt;&lt;/pre&gt; Pro nadpisy nižší úrovně použijte trojici rovnítek (&lt;nowiki&gt;=== Nadpis pododdílu ===&lt;/nowiki&gt;). === Seznamy === {{Nápověda podrobně|Nápověda:Seznamy}} Jednoduchý seznam vytvoříte vložením hvězdičky na začátek řádky (položky není třeba oddělovat prázdným řádkem): &lt;pre&gt;&lt;nowiki&gt; * První položka * Druhá položka &lt;/nowiki&gt;&lt;/pre&gt; Obdobně můžete vytvořit automaticky číslovaný seznam vložením [[Křížek|křížku]] na začátek řádku: &lt;pre&gt;&lt;nowiki&gt; # První položka # Druhá položka &lt;/nowiki&gt;&lt;/pre&gt; === Speciální znaky a symboly === {{Nápověda podrobně|Nápověda:Speciální znaky}} Vkládání nejběžnějších speciálních znaků a symbolů, které nejsou na klávesnici, lze jednoduše kliknutím na daný znak v tabulce pod editačním oknem. Další způsoby a tabulku, odkud můžete vybraný znak zkopírovat, naleznete na [[Nápověda:Speciální znaky]]. === Tabulky === {{Nápověda podrobně|Nápověda:Tabulky}} Na Wikipedii se tabulky vytváří pomocí značkovacího jazyka. Tabulka je ohraničena značkami {| a |}, buňky na řádku se oddělují znaky ||, řádky znaky |-, více na [[Nápověda:Tabulky]]. Kromě toho lze použít i jazyka HTML, obvyklých elementů {{tag|table}}, {{tag|tr}}, {{tag|td}} a {{tag|th}}. == Odkazy a obrázky == {{Nápověda podrobně|Nápověda:Odkazy|Nápověda:Obrázky}} Odkazy umožňují se kliknutím přesunout na cílovou stránku. Dělí se na vnitřní, odkazující na články a další stránky Wikipedie, a vnější (externí), odkazující mimo Wikipedii. === Vnitřní odkazy === {{Nápověda podrobně|Nápověda:Vnitřní odkazy}} Vnitřní odkaz se tvoří vložením názvu článku do dvojitých hranatých [[Závorky|závorek]]: &lt;nowiki&gt;V Praze je [[veřejná doprava]].&lt;/nowiki&gt; &gt; V Praze je [[veřejná doprava]]. Název článku musí být s výjimkou velikosti prvního písmene přesný; pokud se text od názvu liší, vložíme jej za [[Svislá čára|svislou čáru]]: &lt;nowiki&gt;V Praze je [[Pražská integrovaná doprava|integrovaná doprava]].&lt;/nowiki&gt; &gt; V Praze je [[Pražská integrovaná doprava|integrovaná doprava]]. Pokud se text liší jen připojenou koncovkou, lze ji připsat za závorku (&lt;nowiki&gt;[[knihtisk]]em, [[gen]]y&lt;/nowiki&gt; &gt; [[knihtisk]]em, [[gen]]y). Vložení pouze svislé čáry u názvu s [[Wikipedie:Rozlišovač|rozlišovačem]] v závorce nebo označením [[Nápověda:Jmenný prostor|jmenného prostoru]] před názvem stránky se zobrazí jen samotný název stránky. Na konkrétní [[Nápověda:Nadpisy|nadpis]] určitého článku lze odkázat jeho vložením za název článku a křížek (#). Pokud odkazovaná stránka chybí, text se zobrazí jako [[Nápověda:Červený odkaz|červený odkaz]]: [[Název neexistujícího článku]]. Odkaz na tematickou [[Nápověda:Kategorie|kategorii]], do které článek patří, se automaticky objevuje na dolním okraji stránky. V případě potřeby lze na kategorii odkázat v textu vložením dvojtečky před označením jmenného prostoru ''Kategorie:''. === Odkazy na jiné projekty === {{Nápověda podrobně|Nápověda:Odkazy#Další projekty Wiki|Nápověda:Mezijazykové odkazy}} Pokud chcete na článek v jiném jazyku odkázat v rámci článku, přidejte na začátek dvojtečku, např. [[:fr:Aide]]. &lt;nowiki&gt;[[:fr:Aide]]&lt;/nowiki&gt; === Externí odkazy === {{Nápověda podrobně|Wikipedie:Externí odkazy}} Jednodušší URL je možné zapsat přímo: &lt;nowiki&gt;http://www.nupedia.com&lt;/nowiki&gt; &gt; http://www.nupedia.com Zpravidla, zvláště u delších adres, je vhodnější odkaz pojmenovat: &lt;nowiki&gt;[http://www.nupedia.com Nupedia]&lt;/nowiki&gt; &gt; [http://www.nupedia.com Nupedia] [[Uniform Resource Locator|URL]] smí obsahovat pouze tyto znaky: A-Z a-z 0-9 ._\/~%-+&amp;#?!=()@ \x80-\xFF. Pokud URL obsahuje odlišný znak, měl by být konvertován; například ^ musí být napsán jako %5E (příslušný kód najdete v [[ASCII]]). === Obrázky === {{Nápověda podrobně|Nápověda:Obrázky}} * Mohou být použity jen obrázky, které byly nahrány na [[Wikimedia Commons]]. * Vždy vyplňujte titulek (případně lépe parametr alt=), použije se jako alternativní text, když se obrázek nenahraje, v textových prohlížečích nebo když je text automaticky čten. Vizte nápovědu obrázků a [[Wikipedie:Přístupnost]]. Obrázek se vkládá kódem ve tvaru &lt;tt&gt;&lt;nowiki&gt;[[Soubor:Název obrázku.jpg]]&lt;/nowiki&gt;&lt;/tt&gt;, kde název obrázku je přesné jméno souboru na úložišti Commons. &lt;nowiki&gt;[[Soubor:Wiki.png]]&lt;/nowiki&gt; [[Soubor:Wiki.png|náhled|skládačka glóbu]] obvykle se však používá volba ''náhled'', která obrázek zmenší na běžnou šířku vhodnou pro článek a titulek, který se zobrazí pod obrázkem: &lt;nowiki&gt;[[Soubor:Wiki.png|náhled|skládačka glóbu]]&lt;/nowiki&gt; Pro zarovnání vlevo volba ''vlevo'': &lt;tt&gt; &lt;nowiki&gt;[[Soubor:Wiki.png|náhled|vlevo|skládačka glóbu]]&lt;/nowiki&gt;&lt;/tt&gt; Volba ''upright'' pro zmenšení na 75 % šířky: &lt;pre&gt;&lt;nowiki&gt;[[Soubor:Wiki.png|náhled|upright|skládačka glóbu]]&lt;/nowiki&gt;&lt;/pre&gt; ''Upright'' se používá pro náhledy obrázků orientované na výšku, které jsou bez něj větší než náhledy obrázků na šířku. Na obrázek lze odkázat i textem, bez zobrazení náhledu: &lt;tt&gt;&lt;nowiki&gt;[[:Soubor:Wiki.png]]&lt;/nowiki&gt;&lt;/tt&gt; &gt; [[:Soubor:Wiki.png]] K zahrnutí odkazů na neobrazové nahrávky, jako jsou třeba zvuky, nebo pro obrázky, které se zobrazí jako odkaz místo vykreslení na stránce, použijte odkaz &quot;media&quot;. &lt;nowiki&gt;[[Média:Sg_mrob.ogg|Zvuk]]&lt;/nowiki&gt; &gt; [[Média:Sg_mrob.ogg|Zvuk]] &lt;nowiki&gt;[[Média:Tornado.jpg|Obrázek tornáda]]&lt;/nowiki&gt; &gt; [[Média:Tornado.jpg|Obrázek tornáda]] == Nadpisy sekcí – obsah a editace == {{Nápověda podrobně|Nápověda:Nadpisy|Nápověda:Obsah článku}} === Umístění automatického obsahu článku === Podle současného stavu příkazů wiki čtyři a více nadpisů (sekcí) zapnou automatické generování tabulky obsahu před prvním nadpisem (tj. po úvodním textu). Vložením {{code|__NOTOC__}} kamkoliv do článku tabulku obsahu vypnete. Tuto akci však provádějte s rozmyslem a jen pokud si jste naprosto jisti tím, co a proč to děláte! Naopak vložením {{code|__TOC__}} můžete umístit obsah na vámi zvolené místo, případně vynutit zobrazení obsahu u menšího počtu sekcí (nedoporučuje se u krátkých článků). Můžete také použít kompaktní alternativu obsahu (např. v abecedních seznamech) pomocí šablony {{Šablona|SHORTTOC}} ([[Speciální:Whatlinkshere/Šablona:SHORTTOC|příklady použití]]). === Vypnutí tlačítka pro editaci === Příkaz {{code|__NOEDITSECTION__}} vypne generování odkazu pro editaci jednotlivých [[Nápověda:Sekce|sekcí]], které se jinak automaticky vytváří u každého nadpisu. == Speciální stránky == === Diskuse === {{Nápověda podrobně|Wikipedie:Diskusní stránka}} Příspěvky v diskusích [[Wikipedie:Podpis|podepisujte]] pomocí [[Soubor:Vector toolbar signature button.png|link=]] tužky v horní liště nebo vložením čtyř vlnovek: &lt;nowiki&gt;~~~~&lt;/nowiki&gt;. Reakci na předchozí příspěvek odsaďte vložením dvojtečky (:) na začátek řádky, v případě již odsazeného příspěvku odpovídajícím počtem dvojteček. === Šablony === {{Nápověda podrobně|Nápověda:Šablony}} Software [[MediaWiki]] používaný Wikipedií podporuje zahrnutí šablon, což jsou kusy standardizovaného textu. Například napsáním {{Šablona|Pahýl}} se objeví toto: {{Pahýl}} Jiné často používané jsou {{Šablona|Rozcestník}} pro slova s více významy. Ručně vytvářený seznam stávajících šablon naleznete na [[Wikipedie:Šablony]]. Pokud Vás zajímá, jak se šablony vytváří a používají, tak se podívejte na [[Nápověda:Šablony]]. === Rozcestníky === {{Viz též|Wikipedie:Rozcestníky}} Některá hesla mají různé významy (např. [[země (rozcestník)|země]] je planeta [[Země]], [[stát]] nebo [[Půda (pedologie)|půda]]). Ve wikipedii je obyčejně jeden článek věnovaný jednomu významu slova. Protože je užitečné, aby na jednom místě byly shromážděny všechny významy daného slova, používají se v takovém případě tzv. [[Wikipedie:Rozcestníky|rozcestníky]]. Bližší nápovědu o tomto tématu hledejte v hlavním článku. == Související články == * [[Nápověda:Jak editovat stránku]] * [[Wikipedie:Aktualizujte svou cache|Aktualizujte svou cache]] * [[Wikipedie:Časté chyby|Časté chyby]] * [[Wikipedie:Jak vytvořit článek|Jak vytvořit článek]] * [[Wikipedie:Reference|Reference]] * [[Wikipedie:Vzhled a styl|Vzhled a styl]] * {{en}} [[:en:Help:Wiki markup|Help:Wiki markup]] [[Kategorie:Wikipedie:Návody]] [[Kategorie:Wikipedie:Základní informace]] [[Kategorie:Wikipedie:Formátování textu]] [[Kategorie:Wikipedie:Editace]]
            </text>
            <sha1>irf53bqmo9l2iwy5bnnsrqvt16fpnlt</sha1>
        </revision>
    </page>
    <page>
        <title>Astronomie</title>
        <ns>0</ns>
        <id>10</id>
        <revision>
            <id>11956570</id>
            <parentid>11775030</parentid>
            <timestamp>2014-10-27T20:18:48Z</timestamp>
            <contributor>
                <username>Jklamo</username>
                <id>946</id>
            </contributor>
            <comment>/* Externí odkazy */ -Link FA (již přes WD</comment>
            <model>wikitext</model>
            <format>text/x-wiki</format>
            <text xml:space="preserve">[[Soubor:USA.NM.VeryLargeArray.02.jpg|thumb|Mezi zařízení, která se používají k astronomickým pozorováním, patří i [[radioteleskop]]y.]] '''Astronomie''', [[řečtina|řecky]] αστρονομία z άστρον (astron) hvězda a νόμος (nomos) zákon, [[čeština|česky]] též '''hvězdářství''', je [[věda]], která se zabývá jevy za hranicemi [[Atmosféra Země|zemské atmosféry]]. Zvláště tedy výzkumem [[vesmír]]ných [[těleso|těles]], jejich soustav, různých dějů ve vesmíru i vesmírem jako celkem. == Historie astronomie == === Antika === Astronomie se podobně jako další vědy začala rozvíjet ve [[starověk]]u. První se z astronomie rozvíjela [[astrometrie]], zabývající se měřením [[poloha tělesa|poloh]] [[hvězda|hvězd]] a [[planeta|planet]] na obloze. Tato oblast astronomie měla velký význam pro [[navigace|navigaci]]. Podstatnou částí astrometrie je [[sférická astronomie]] sloužící k popisu poloh objektů na [[nebeská sféra|nebeské sféře]], zavádí [[Soustava souřadnic|souřadnice]] a popisuje významné [[křivka|křivky]] a [[bod]]y na nebeské sféře. Pojmy ze sférické astronomie se také používají při [[měření času]]. Další oblastí astronomie, která se rozvinula, byla [[nebeská mechanika]]. Zabývá se [[Mechanický pohyb|pohybem]] [[těleso|těles]] v [[gravitační pole|gravitačním poli]], například [[planeta|planet]] ve [[Sluneční soustava|sluneční soustavě]]. Základem nebeské mechaniky jsou práce [[Johannes Kepler|Keplera]] a [[Isaac Newton|Newtona]]. [[Aristotelés]] ve svém díle ''O nebi'' z roku [[340 př. n. l.]] dokázal, že tvar Země musí být kulatý, jelikož stín Země na Měsíci je při zatmění vždy kulatý, což by při plochém tvaru Země nebylo možné. [[Starověké Řecko|Řekové]] také zjistili, že pokud sledujeme [[Polárka|Polárku]] z jižnějšího místa na Zemi, jeví se nám níže nad obzorem než pro pozorovatele ze severu, kterému se bude její poloha na obloze jevit výše. Aristotelés dále určil poloměr [[Země]], který ale odhadl na dvojnásobek skutečného poloměru. V aristotelovském modelu Země stojí a Měsíc se Sluncem a hvězdami krouží kolem ní, a to po kruhových drahách. Myšlenky Aristotelovy rozvinul ve [[2. století]] našeho letopočtu [[Klaudios Ptolemaios]], který také stavěl Zemi do středu a další objekty nechal obíhat kolem ní ve sférách: * první byla sféra Měsíce, * dále sféry sluneční soustavy - [[Slunce]] a planet : [[Merkur (planeta)|Merkuru]], [[Venuše (planeta)|Venuše]], [[Mars (planeta)|Marsu]], [[Jupiter (planeta)|Jupitera]], [[Saturn (planeta)|Saturna]] a * sféra stálic - hvězd, jež byly považovány za nehybné, jak to plyne z názvu, měly se pohybovat jen společně s oblohou. Tento model dostatečně vyhovoval polohám těles na obloze. === Novověk === Roku [[1514]] navrhl [[Mikuláš Koperník]] nový model, ve kterém bylo ve středu soustavy [[Slunce]] a planety obíhaly kolem něj po kruhových drahách, setkal se ale s problémy při pozorováních, objekty se nenacházely na správných souřadnicích. Roku [[1609]] zkonstruoval [[Galileo Galilei]] [[dalekohled]], s jehož pomocí objevil čtyři měsíce obíhající kolem planety [[Jupiter (planeta)|Jupiter]], a tím dokázal Koperníkovu teorii o Slunci ve středu a planetách kroužících kolem. [[Johannes Kepler]] zaměnil kruhové dráhy planet za [[Elipsa|eliptické]], čímž bylo dosaženo souladu s pozorovanými polohami těles. V roce [[1687]] vydal [[sir]] [[Isaac Newton]] knihu [[Philosophiae Naturalis Principia Mathematica]]&lt;ref&gt;[http://plato.stanford.edu/entries/newton-principia/ Newton's Philosophiae Naturalis Principia Mathematica] plato.stanford.edu&lt;/ref&gt; o poloze těles v prostoru a čase a [[zákon obecné přitažlivosti]], podle něhož jsou k sobě tělesa vázána [[gravitace|gravitací]], která závisí na [[hmotnost]]i těles a na jejich vzdálenosti. Z gravitačního zákona vychází eliptický pohyb planet. === Nová doba === Roku [[1929]] studoval [[Edwin Hubble]] daleké [[galaxie]], zjistil [[rudý posuv]], který se zvětšuje se vzdáleností, to byl důkaz o rozpínání [[vesmír]]u. Fakt, že se od sebe objekty vzdalují, naznačuje, že někdy v minulosti byly objekty velmi blízko od sebe, tím se zrodily myšlenky o [[velký třesk|velkém třesku]], místě a čase, kdy byl [[vesmír]] nekonečně malý a hustý. V letech [[1905]]–[[1915]] napsal [[Albert Einstein]] [[teorie relativity|teorii relativity]] – speciální, ve které zavedl konečnou rychlost světla a obecnou relativitu o gravitaci, čase a prostoru ve velkých rozměrech. Na začátku [[20. století]] vznikla [[kvantová teorie]] o chování [[Elementární částice|elementárních částic]]. == Čínská astronomie == [[Soubor:Dunhuang star map.jpg|thumb|200px| Tunchuangova mapa z doby dynastie Tang - Oblast severního pólu. Patrně z doby císaře Džungzunga (705–710). Souhvězdí tří škol je odlišena barvami pro jednotlivé astronomy: bílou Wu-Šian (Wu Xian), černou Kan-Te(Gan De) a žlutou Ši-Šen (Shi Shen). Celkem mapy obsahovaly 1&amp;nbsp;300 hvězd.]] Čínská astronomie má velice dlouhou historii a dějepisci považují Číňany za &quot;nejdůslednější a nejpřesnější pozorovatele nebeských jevů na světě před Araby.&quot;&lt;ref&gt;Needham, Volume 3, p.171&lt;/ref&gt; Jména hvězd později rozdělili do 28 kategorií (&quot;panství&quot;, [říší?]) v dobách dynastie Šang (Shang) v čínské [[doba bronzová|době bronzové]] a zřejmě se zformovaly za vlády Wu-Tinga (Wu Ding) (1339-1281 př.n.l.).&lt;ref&gt;Needham, Volume 3, p.242&lt;/ref&gt; Podrobné záznamy astrologických pozorování započaly v éře válek kolem 4. století př.n.l. a vzkvétaly dále od období dynastie Chan. Čínská astronomie byla rovníková soustředěná na podrobná pozorování hvězd z okolí pólu a byla založená na jiných principech než převládaly v západoevropské astronomie , kde východ a západ slunce zodiakálních souhvězdí tvořil základní ekliptický rámec.&lt;ref&gt;Needham, Volume 3, p.172-3&lt;/ref&gt; Některé prvky indické astronomie se dostaly do Číny při expanzi [[Budhismus|budhismu]] po dynastii Chan (25–220 n.l.), ale nejpodrobnější vtělení indické astronomie Nastalo za dynastie Tchang (Tang, 618-907), kdy mnozí indičtí astronomové přesídlili do čínského hlavního města a čínští učenci, jako velký tantrický budhistický mnich a matematik Ji-Šing (Yi Xing) propracoval její systém. Astronomie islámského středověku úzce spolupracovala se svými čínskými kolegy během dynastie Juan (Yuan) a po období poměrného ústupu za dynastie Ming astronomie ožila podněty západní kosmologie a techniky po vzniku jezuitských misií. Dalekohled byl zaveden v 17. století. V roce 1669 byla pekingská observatoř přestavěna pod vedením [[Ferdinand Verbiest|Ferdinanda Verbiesta]]. Dnešní Čína pokračuje v astronomických aktivitách s mnoha hvězdárnami a vlastním vesmírným programem. {{překlad|en|Chinese astronomy|607360323}} == Části astronomie == Od [[novověk]]u do současnosti se astronomie nesmírně rozšířila a vznikla celá řada nových oblastí výzkumu, které lze velmi zhruba rozdělit na pozorování a teorii, nebo podle objektu zájmu. [[Soubor:Spitzer space telescope.jpg|thumb|[[Spitzerův kosmický dalekohled]] (SST) provádí pozorování zejména v&amp;nbsp;infračervené oblasti [[Elektromagnetické spektrum|spektra]].]] === Astronomické pozorování === '''Astronom''', [[čeština|česky]] '''hvězdář''', se zabývá zkoumáním [[vesmír]]u. Kromě profesionálních astronomů se astronomii věnuje i řada astronomů [[amatér]]ských. Nejvýznamnějším zdrojem [[informace|informací]] o vesmíru je [[elektromagnetické záření]]. Část jeho [[vlnová délka|vlnových délek]], vnímatelná [[oko|očima]], je [[světlo]]. Obory astronomického pozorování podle využívaných vlnových délek jsou * [[gama-astronomie]] * [[rentgenová astronomie]] * [[ultrafialová astronomie]] * [[optická astronomie]] * [[infračervená astronomie]] * [[mikrovlnná astronomie]] * [[radioastronomie]] Nejstarší a nejdůležitější je optická astronomie, využívající světlo. Rozvoj dalších oborů souvisel s vývojem [[technika|techniky]]. Například radioastronomie se začala rozvíjet ve 30. letech [[20. století]], kdy [[Karl Guthe Jansky]] při zkoumání zdrojů šumu rušících rádiové hovory objevil rádiové emise centra naší [[Galaxie]]. [[Atmosféra Země]] mnoho vlnových délek účinně pohlcuje, takže [[záření gama|gama]] a [[rentgenové záření|rentgenové pozorování]] se mohlo konat jen pomocí [[stratosférický balón|stratosférických balónů]] a výrazný rozvoj se dostavil teprve s pokrokem [[kosmonautika|kosmonautiky]]. Ještě exotičtější je pozorování jiných [[částice|částic]] než elektromagnetického záření. * [[neutrinová astronomie]] pozoruje [[neutrino|neutrina]], [[teleskop]]y jsou v současnosti velké prostory hluboko pod zemí, zaplněné [[voda|vodou]] nebo jiným pozorovacím médiem * studium [[kosmické záření|kosmického záření]], vysokoenergetických částic mimozemského původu. Využívá metod [[jaderná fyzika|jaderné fyziky]] (v kosmickém záření se vyskytují i částice s o mnoho řádů větší [[energie|energií]] než jaká je dosažitelná na [[urychlovač]]ích). Hypotetická [[gravitační astronomie]] by měla pozorovat [[gravitační vlny]]. V současnosti jsou převažujícím způsobem [[Detekce gravitačních vln|detekce]] velké [[interferometr]]y, nadějný projekt [[LIGO]] je ve stádiu ověřování. [[Soubor:Crab Nebula.jpg|thumb|right|Složený obrázek [[Krabí mlhovina|Krabí mlhoviny]] pořízený [[Hubbleův vesmírný dalekohled|Hubbleovým vesmírným dalekohledem]].]] === Astronomická teorie === Obecným teoretickým oborem je [[astrofyzika]]. Zabývá se fyzikou hvězd a mezihvězdné hmoty ([[hustota|hustotou]], [[teplota|teplotou]], [[chemické složení|chemickým složením]] atd.). [[Kosmologie]] studuje vesmír jako celek a zvláště jeho vznik, současný a budoucí vývoj. [[Astrobiologie]] se zabývá možnostmi existence [[život]]a ve vesmíru. === Astronomie podle objektu zájmu === * [[Hvězdná astronomie]] se zabývá [[hvězda]]mi, včetně [[Slunce]]; výzkumem prostorového rozložení a zákonitostmi pohybů hvězd a hvězdných soustav. :::: Podle metody výzkumu se dělí na: 1. stelární statistiku, 2. stelární kinematiku, 3. stelární dynamiku * [[Galaktická astronomie]] se zabývá zkoumáním struktury, součástí a vývoje [[galaxie|galaxií]] – v prvé řadě naší [[Galaxie]]. * [[Extragalaktická astronomie]] zkoumá objekty za hranicemi naší Galaxie. * [[Planetární vědy]] zkoumají [[planeta|planety]] v naší [[sluneční soustava|sluneční soustavě]]. Řadí se do astronomie, ale jejich části mají často užší spojitost s odpovídajícími vědami o planetě [[Země|Zemi]] (například ''[[geologie]] [[Mars (planeta)|Marsu]]''). * [[Meteorická astronomie]] se zabývá studiem pohybu a dalšími vlastnostmi [[meteor (jev)|meteorů]] a [[meteorit]]ů. == Vztah astronomie k dalším vědám == Astronomie má nejužší vztah s [[fyzika|fyzikou]]. Astronomická teorie je v podstatě fyzika astronomických systémů. Naopak astronomické systémy jsou pro velkou část fyzikální teorie nejdůležitější „laboratoří“, přirozeně především ve velkých prostorových a časových měřítkách se projevuje [[gravitace]] a testuje [[obecná teorie relativity]]. Ve vesmíru se vyskytují i extrémní podmínky, které nejsou zatím dosažitelné v laboratořích, například [[tlak]], [[hustota]], [[teplota]], [[magnetické pole]] a další. Významný vztah má astronomie i k [[religionistika|religionistice]]. == Odkazy == === Reference === &lt;references /&gt; === Související články === * [[Astrofyzika]] * [[Astronomický ústav Akademie věd ČR|Astronomický ústav AV]] * [[Hvězda]] * [[Planeta]] * [[Sluneční soustava]] * [[Souhvězdí]] * [[Vesmír]] * [[Významní astronomové]] === Externí odkazy === * {{Commonscat|Astronomy}} * {{Otto|heslo=Hvězdoznalství}} * {{Otto|heslo=Hvězdářství}} * {{Wikizdroje|kategorie=Astronomie}} * {{Wikislovník|heslo=astronomie}} * {{NK ČR|ph114088|věc=ano}} {{Portály|Astronomie}} [[Kategorie:Astronomie| ]] [[Kategorie:Přírodní vědy]] [[Kategorie:Sedm svobodných umění]]</text>
            <sha1>dq0kq7l6iiknjyzrwuyd764eir4fpkt</sha1>
        </revision>
    </page>
    <page>
        <title>Biologie</title>
        <ns>0</ns>
        <id>11</id>
        <revision>
            <id>12013173</id>
            <parentid>11987310</parentid>
            <timestamp>2014-11-17T17:44:37Z</timestamp>
            <contributor>
                <username>Teres13</username>
                <id>275346</id>
            </contributor>
            <minor />
            <comment>/* Podřízené a související vědní obory */ Dodatečné upřesnění. Zdroje jsou odkazy.</comment>
            <model>wikitext</model>
            <format>text/x-wiki</format>
            <text xml:space="preserve">'''Biologie''' (z&amp;nbsp;řeckého ''{{Cizojazyčně|el|bio}}'' jako život a ''{{Cizojazyčně|el|logie}}'' jako věda – tedy životověda – věda zkoumající život) v&amp;nbsp;nejširším slova smyslu je [[věda|vědní]] obor zabývající se [[organismus|organismy]] a vším, co s&amp;nbsp;nimi souvisí, od chemických dějů v&amp;nbsp;organismech probíhajících na úrovni atomů a molekul, až po celé ekosystémy – tedy společenstva mnoha [[Populace|populací]] různých organismů a jejich vzájemné vztahy i&amp;nbsp;vztahy k&amp;nbsp;jejich životnímu prostředí. V&amp;nbsp;užším slova smyslu bychom pak '''biologii''' mohli popsat jako vědu, zkoumající organismy od úrovně subcelulární, tedy od úrovně jednotlivých buněčných [[Organela|organel]] se vším, co s&amp;nbsp;nimi souvisí, přes úrovně [[Buňka|buněk]], [[Tkáň|tkání]], [[Orgán|orgánů]] a jedinců až po úroveň [[Populace|populací]], [[Společenstvo|společenstev]], [[ekosystém]]ů a [[biom]]ů. == Historie == {{Podrobně|Dějiny biologie}} Slovo „'''biologie'''“ ([[Řecko|řecky]] βιολογία; ze slov βίος (život) a λόγος (slovo)) bylo zřejmě poprvé použito v díle [[Michael Christoph Hanov|Michaela Christopha Hanova]] - ''Philosophiae naturalis sive physicae dogmaticae: Geologia, biologia, phytologia generalis et dendrologia'', publikovaném v roce [[1766]]. Termín „'''biologie'''“ tak, jak ho známe dnes, byl zaveden [[Jean-Baptiste Lamarck|Jeanem-Baptistou Lamarckem]] ([[1744]] - [[1829]]). Historii '''biologie''' můžeme ovšem hledat už v dobách dávných lidských civilizací a klasických filozofů, jako způsob chápání života. Ačkoli pojetí biologie jako samostatného souvislého odvětví vzniklo v 19. století, biologie se objevila již v dobách antického Řecka a Říma, kde se živou přírodou zabývali [[Aristotelés|Aristoteles]] a [[Claudius Galén]]. V jejich bádání pokračovali ve středověku arabští lékaři jako al-Jahiz, [[Avicenna]], Avenzoar a Ibn al-Nafis. Během období renesance a začátkem novověku biologie jako věda pronikla i do Evropy. Významnými vědci byli v té době [[William Harvey]] a [[Andreas Vesalius]], kteří prováděli pokusy a pozorování a [[Carl Linné|Linné]] a Buffon, kteří začali zkoumat různorodost života a fosílie stejně jako vývoj a chování organismů. Na přelomu [[18. století|18.]] a [[19. století]] se biologie stala stále více přírodní vědou určenou pouze odborníkům. Badatelé jako [[Alexander von Humbolt]] zkoumali spolupráci mezi organismy a jejich životním prostředím. Nejvýznamnějším biologem 19. století je bezesporu [[Charles Darwin]] se svou teorií o evoluci na základě přírodního výběru. Ta se nejdříve setkávala s odporem společnosti, protože byla v rozporu s křesťanstvím, později však byla uznána jako pravdivá. Počátkem [[20. století]] znovuobjevení práce [[Gregor Mendel|Gregora Mendela]] vedlo k rapidnímu vzrůstu výzkumu genetiky [[Thomas Morgan|Thomasem Morganem]] a jeho studenty a kolem roku 1930 kombinací populační genetiky a přírodního výběru v „novo-Darwinovské syntéze“. James D. Watson a Francis Crick objevili roku 1953 strukturu DNA, za což dostali v roce [[1962]] [[Nobelova cena|Nobelovu cenu]] za medicínu. Po celé dvacáté století probíhal výzkum genetického kódu od jeho rozluštění v roce [[1966]] až po postupné mapování genomů jednotlivých organismů, pokračující v 21. století. == Základy moderní biologie == Je pět základů biologie. * [[Buněčná teorie]] – studuje všechno co zahrnuje buňky. Všechny živé organismy se skládají z buněk, základních stavebních kamenů života. Navíc, všechny pochody v nitru buněk jsou podobné a vznikají jen z buněk předešlých násobným dělením. Buněčná teorie studuje stavbu buněk, jejich rozmnožování a životní prostředí. * [[Evoluce]] – v biologii je to označení procesu postupné změny genetických vlastností organismů a procesu přírodního výběru. * [[Gen|Teorie genů]] – vlastnosti všech živých organismů jsou zakódovány v genech. * [[Homeostáza|Homeostáze]] – fyziologické procesy udržující stálé vnitřní podmínky těla nehledíc na podmínky vnější. * [[Energie]] – základním rysem každého živého organismu je využití energie. Přežití každého živočicha a rostliny závisí na jejím neustálém přísunu. == Podřízené a související vědní obory == Pod '''biologii''' tedy můžeme zařadit, nebo nalézt její úzkou spojitost s následujícími vědními obory: * [[agrobiologie]] - věda, která využívá biologické zákonitosti v zemědělství * [[anatomie]] - studium forem a funkcí u rostlin, zvířat a jiných organismů, nebo specificky u lidí * [[bionomie]] - je komplexní studium organismu a jeho vztah k jeho prostředí * [[biogeografie]] - &lt;span&gt;je nauka o rozdělení &lt;/span&gt;[[Biologická diverzita|biodiverzity]]&lt;span&gt; v prostoru a čase&lt;/span&gt; * [[biochemie]] - &lt;span&gt;je vědní disciplína na pomezí &lt;/span&gt;[[biologie]]&lt;span&gt; a &lt;/span&gt;[[chemie]] * [[biologická systematika]] - &lt;span&gt;(též taxonomie) vědecky zkoumá druhy a druhovou diverzitu organismů a všechny vztahy mezi nimi&lt;/span&gt; * [[bionika]] - je hraniční obor, systematicky zaměřený na uplatňování poznatků ze studia živých organismů a jejich struktur při vývoji nových technologií * [[biostatistika]] - obor využívající metody matematické statistiky při studiu proměnlivosti živých organizmů * [[botanika]] - (též rostlinopis, fytologie) zabývá se flórou, tudíž rostlinnou částí přírody * [[buněčná biologie]] - (též cytologie)&lt;span&gt; je &lt;/span&gt;[[věda]]&lt;span&gt; zabývající se studiem &lt;/span&gt;[[Buňka|buněk]] * [[ekologie]] - studium vlivů živých organismů a neživých složek navzájem, nebo na jejich prostředí * [[etologie]] - vědní obor v rámci zoologie, který se zabývá studiem chování živočichů * [[evoluční biologie]] - zabývá  se biologickou evolucí organismů a mechanismy, které se při ní uplatňují * [[fyziologie]] - studium o fungování živých organismů, jejich částí a orgánů * [[genetika]] - &lt;span&gt;zabývá se &lt;/span&gt;[[dědičnost]]í&lt;span&gt; i proměnlivostí organismů a jejími příčinami&lt;/span&gt; * [[matematická biologie]] -  používá matematické metody ke studiu živých organismů * [[medicínská biologie]] a [[Lékařství|lékařské disciplíny]] * [[mikrobiologie]] -  je věda studující mikroorganismy * [[molekulární biologie]] - &lt;span&gt;studium &lt;/span&gt;[[Buňka|buněčných]]&lt;span&gt; &lt;/span&gt;[[Biologie|biologických]]&lt;span&gt; procesů na jejich &lt;/span&gt;[[Molekula|molekulární]]&lt;span&gt; úrovni&lt;/span&gt; * [[morfologie (biologie)|morfologie]] - zabývá se vnější stavbou organismů * [[mykologie]] - &lt;span&gt;studium &lt;/span&gt;[[Houby|hub]]&lt;span&gt;, jejich &lt;/span&gt;[[Dědičnost|genetických]]&lt;span&gt; a &lt;/span&gt;[[Biochemie|biochemických]]&lt;span&gt; vlastností&lt;/span&gt; * [[paleontologie]] -  je věda o životě v minulých geologických obdobích * [[virologie]] - &lt;span&gt;zabývá se studiem &lt;/span&gt;[[Nebuněčné organizmy|nebuněčných organismů]]&lt;span&gt;, zejména &lt;/span&gt;[[Virus|virů]]&lt;span&gt;, ale i &lt;/span&gt;[[Viroidy|viroidů]]&lt;span&gt; a &lt;/span&gt;[[virusoid]]ů * [[vývojová biologie]] - &lt;span&gt;zabývá se studiem procesů &lt;/span&gt;[[růst]]u&lt;span&gt; a &lt;/span&gt;[[Ontogeneze|vývoje]]&lt;span&gt; &lt;/span&gt;[[Organismus|organismů]] * [[zoologie]] - studie zvířat, včetně klasifikace, fyziologie, vývoje a chování a mnoho dalších specializovaných vědních disciplín. == Obory == === Strukturální === [[Soubor:Biological cell.svg|thumb|Eukarytická buňka]] [[Molekulární biologie]] studuje biologické buněčné procesy na jejich molekulární úrovni. Například podstata dědičnosti se dá odhalit jen studiem její molekulární podstaty. Molekulární biologie popisuje biologické makromolekuly a jejich vzájemné funkční vztahy, přičemž zvláštní pozornost věnuje [[DNA]], [[RNA]] a [[Bílkovina|proteinům]]. Tato oblast molekulární biologie se nazývá molekulární genetika. Znalosti molekulární biologie jsou využívány v medicíně a genetickém inženýrství, ale i například v kriminalistice. [[Cytologie]], neboli buněčná biologie studuje buňky, jejich stavbu, fyziologii, vlastnosti a chování ve vztahu k životním funkcím organismu. Je úzce provázána s molekulární biologii, organickou chemií, biochemií, biofyzikou, mikrobiologií, mikroskopií a histologií. [[Genetika]] je věda zabývající se geny, dědičností a proměnlivostí organismů. Každá buňka v sobě přechovává v chromozomech genetickou informaci reprezentovanou strukturou DNA. [[Vývojová biologie]] studuje růst a vývoj organismů. Vyvíjející se z embryologie, moderní vývojová biologie zkoumá genetické řízení růstu buněk a jejich rozdílností, jaký proces dává vznik tkáním, orgánům a celé anatomii. === Fyziologické === [[Fyziologie]] zkoumá mechanické, fyzické a biochemické procesy živých organismů. Fyziologie má dva hlavní obory, fyziologii rostlin a fyziologii živočichů, ale principy fyziologie jsou univerzální, ať je zkoumán jakýkoliv organismus. Například, co známe o buňce kvasinky, dá se použít i na lidskou buňku. [[Anatomie]] je důležité odvětví fyziologie a zabývá se funkcí orgánovými soustavami jako oběhovou, nervovou, dýchací a endokrinní. Studie těchto systémů se využívají v medicíně v disciplínách jako neurologie a imunologie. === Evoluce === [[Evoluce]] je odpovědná za původ druhů, stejně jako za jejich změny v průběhu času a zahrnuje vědce z mnoha taxonomicky orientovaných oborů. Zpravidla to zahrnuje vědce specializované na obory jako [[mammalogie]], [[ornitologie]], [[botanika]] nebo [[herpetologie]], kteří využívají poznatky o přírodním řádu k zodpovědění hlavních otázek ohledně evoluce. Evoluční biologie se zakládá na paleontologii, která užívá poznatky k určení způsobu a rychlosti evoluce a také k rozvoji oblastí jako populační genetika a teorie evoluce. === Taxonomie === [[Soubor:Biological classification L Pengo cs.svg|thumb|Biologická klasifikace života]] [[Taxonomie]] se teoreticky i prakticky zabývá klasifikací druhů. Zařazuje organismy do jednotlivých kategorií (taxonů). Základní taxonomické kategorie jsou: * život * doména * [[Říše (biologie)|říše]] (regnum) * [[Kmen (biologie)|kmen]], oddělení (phyllum, divisio) * [[Třída (biologie)|třída]] (classis) * [[Řád (biologie)|řád]] (ordo) * [[čeleď]] (familia) * [[Rod (biologie)|rod]] (genus) * [[Druh (biologie)|druh]] (species) {{podrobně|Kategorie (biologie)}} Organismy se obvykle dělí do tří [[Doména (biologie)|domén]]{{#tag:ref|Přibližně od r. 2010 se mluví (zatím hypoteticky) o čtvrté doméně. Tvoří ji (nebo pozůstatek po ní) skupina velkých jaderně-cytoplazmatických DNA [[viry|virů]] označovaná '''NCLDV''' (z anglického ''nucleocytoplasmic large DNA viruses'').&lt;ref&gt;{{Citace elektronického periodika | příjmení = Boyer | jméno = Mickaël | příjmení2 = Madoui | jméno2 = Mohammed-Amine | příjmení3 = Gimenez | jméno3 = Gregory | spoluautoři = Bernard La Scola, Didier Raoult. | titul = Phylogenetic and Phyletic Studies of Informational Genes in Genomes Highlight Existence of a 4th Domain of Life Including Giant Viruses | periodikum = PLoS One | rok vydání = 2010 | měsíc vydání = prosinec | den vydání = 2 | ročník = 5 | typ ročníku = svazek | číslo = 12 | datum přístupu = 2011-05-03 | lokace = e15530 | url = http://www.plosone.org/article/info%3Adoi%2F10.1371%2Fjournal.pone.0015530 | dostupnost2 = PDF | url2 = http://www.plosone.org/article/fetchObjectAttachment.action;jsessionid=752F7CF737E78780594822160EF6FA10.ambra01?uri=info%3Adoi%2F10.1371%2Fjournal.pone.0015530&amp;representation=PDF | issn = 1932-6203 | doi = 10.1371/journal.pone.0015530 | jazyk = anglicky }}&lt;/ref&gt;&lt;ref&gt;{{Citace elektronického periodika | příjmení = Colson | jméno = Philippe | příjmení2 = Gimenez | jméno2 = Gregory | příjmení3 = Boyer | jméno3 = Mickaël | spoluautoři = Ghislain Fournous, Didier Raoult. | titul = The Giant ''Cafeteria roenbergensis'' Virus That Infects a Widespread Marine Phagocytic Protist Is a New Member of the Fourth Domain of Life | periodikum = PLoS One | rok vydání = 2011 | měsíc vydání = duben | den vydání = 29 | ročník = 6 | typ ročníku = svazek | číslo = 4 | datum přístupu = 2011-05-03 | lokace = e18935 | url = http://www.plosone.org/article/info%3Adoi%2F10.1371%2Fjournal.pone.0018935 | dostupnost2 = PDF | url2 = http://www.plosone.org/article/fetchObjectAttachment.action?uri=info%3Adoi%2F10.1371%2Fjournal.pone.0018935&amp;representation=PDF | issn = 1932-6203 | doi = 10.1371/journal.pone.0018935 | jazyk = anglicky }}&lt;/ref&gt; Existují i studie naznačující, že dosud neznámých domén (s pozůstatky ve formě virů) by mohlo být více.&lt;ref&gt;{{Citace elektronického periodika | příjmení = Wu | jméno = Dongying | příjmení2 = Wu | jméno2 = Martin | příjmení3 = Halpern | jméno3 = Aaron | spoluautoři = Douglas B. Rusch, Shibu Yooseph, Marvin Frazier, J. Craig Venter, Jonathan A. Eisen. | titul = Stalking the Fourth Domain in Metagenomic Data: Searching for, Discovering, and Interpreting Novel, Deep Branches in Marker Gene Phylogenetic Trees | periodikum = PLoS One | rok vydání = 2011 | měsíc vydání = březen | den vydání = 18 | ročník = 6 | typ ročníku = svazek | číslo = 3 | datum přístupu = 2011-05-03 | lokace = e18011 | url = http://www.plosone.org/article/info%3Adoi%2F10.1371%2Fjournal.pone.0018011 | dostupnost2 = PDF | url2 = http://www.plosone.org/article/fetchObjectAttachment.action?uri=info%3Adoi%2F10.1371%2Fjournal.pone.0018011&amp;representation=PDF | issn = 1932-6203 | doi = 10.1371/journal.pone.0018011 | jazyk = anglicky }}&lt;/ref&gt;|group=&quot;pozn.&quot;}}: * '''[[Archaea]]''' * '''[[Bakterie]]''' * '''[[Eukaryota]]''' :Eukaryota se zpravidla dělí buď [[Klasifikace eukaryot#Systém dle Adla a kol.|do šesti &quot;superskupin&quot;]]: ::'''[[Amoebozoa]]''' - '''[[Opisthokonta]]''' (obsahuje tradiční říše [[houby]] a [[živočichové]]) - '''[[Rhizaria]]''' - '''[[Archaeplastida]]''' (rostliny) - '''[[Chromalveolata]]''' - '''[[Excavata]]''' :nebo [[Klasifikace eukaryot#Systém dle Thomase Cavaliera-Smithe|do pěti říší]]: ::'''[[Prvoci|Protozoa]]''' (prvoci) — '''[[Metazoa]]''' (živočichové) — '''[[Fungi]]''' (houby) — '''[[Plantae]]''' (rostliny) — '''[[Chromista]]''' {{podrobně|Klasifikace eukaryot}} === Environmentální === Ekologie má několik významů. Ten původní definoval Ernst Haeckel v roce 1866 a znamená biologická věda, která se zabývá vztahem organismů a jejich prostředí a vztahem organismů navzájem. Ekologie má řadu oborů od obecné ekologie a globální ekologie k ekologii mikroorganismů, ekologie lesa a moří. Dle šíře zkoumaných objektů se ekologie dělí na ekologii jedince (autekologie), populací (demekologie), společenstev (synekologie) a biomů. Etologie se zabývá studiem chování živočichů, jejich vrozených a naučených dovedností. Prvním moderním etologem byl [[Charles Darwin]], jehož kniha (v originále The Expression of the Emotions in Man and Animals) inspiovala řadu dalších etologů. Biogeografie studuje rozmístění organismů na Zemi, věnuje pozornost především tektonickým deskám, změně klimatu, migraci a kladistice. == Obecná biologie == '''Obecná biologie''' je průřezové odvětví biologie, zkoumající obecné základy živých soustav. Jejím hlavním úkolem je integrovat poznatky a zákonitosti související s živými soustavami a definovat je na všech úrovních života. Je úzce spjata s tzv. '''teoretickou biologií''', která popisuje biologické zákonitosti za pomoci matematického, kybernetického a logického modelování a s přispěním dalších exaktních věd (zejména fyziky a chemie). == Poznámky == &lt;references group=&quot;pozn.&quot; /&gt; == Odkazy == === Reference === {{Překlad|en|Biology|244902070}} &lt;references /&gt; === Literatura === * {{Citace elektronické monografie | příjmení = Benda Vladimír, Babůrek Ivan, Kotrba Pavel | titul = Základy biologie, 1. vydání | url = http://vydavatelstvi.vscht.cz/knihy/uid_isbn-80-7080-587-0/pages-img/ | datum vydání = 2006 | isbn = 80-7080-587-0 | vydavatel = VŠCHT v Praze }} === Související články === * [[Seznam biologů]] * Hierarchie druhů ** [[Prokaryota]] ** [[Eukaryota]] * [[Fylogenetika]] * [[Biologická klasifikace]] * [[Vědecká nomenklatura]] * [[Carl Linné]] * [[Lékařství]] * [[Taxon]] === Externí odkazy === * {{Wikislovník|heslo=biologie}} * {{Wikicitáty|téma=Biologie}} * {{NK ČR|ph114166|věc=ano}} * [http://www.biotest.eu/ Toxikologický výzkum] - CRO (anglicky, česky) * [http://www.biomach.cz/ Biomach.cz] - přehled SŠ biologie * [http://biosites.org/index.php/Alphabetical_list Alphabetical list of Biologie sites] {{Věda}} {{Biologie}} {{Portály|Biologie}} [[Kategorie:Biologie| ]] [[Kategorie:Přírodní vědy]] [[Kategorie:Studijní obory]] {{Link FA|he}} {{Link FA|ja}} {{Link FA|km}} {{Link FA|vi}} {{Link GA|ar}} {{Link GA|en}} {{Link GA|eo}}</text>
            <sha1>qxn758h8blcetulaob6f2gn9djlq75m</sha1>
        </revision>
    </page>
    <page>
        <title>Filosofie</title>
        <ns>0</ns>
        <id>12</id>
        <revision>
            <id>11455845</id>
            <parentid>11369148</parentid>
            <timestamp>2014-05-13T10:24:40Z</timestamp>
            <contributor>
                <username>JOtt</username>
                <id>109385</id>
            </contributor>
            <comment>/* Externí odkazy */ +slovník</comment>
            <model>wikitext</model>
            <format>text/x-wiki</format>
            <text xml:space="preserve">'''Filosofie''' nebo '''filozofie''', řecky φιλοσοφία, z φιλειν (''filein'', mít rád, toužit po něčem) a σοφια (''[[sofía]]'', moudrost, zdatnost) je soustavné, racionální a kritické zkoumání skutečnosti, [[svět]]a a [[člověk]]a, případně i toho, co je přesahuje ([[metafyzika]]). Hledání pravdivého [[poznání]], [[smysl (filosofie)|smyslu]] a dobrého života prostředky [[Reflexe (filosofie)|reflexe]], racionální [[argumentace]] a [[diskuse]], která vyžaduje určité [[pojem|pojmy]]. Není to tedy jen akademická disciplina, ale také způsob života, který začíná údivem nebo zklamáním nad tradičními výklady věcí ([[Platón]]) a snaží se s tajemstvím světa a existence nějak vyrovnat. [[Soubor:Heraklit.jpeg|thumb|upright=1.3|Rafael Santi: ''Hérakleitos z Efesu''. Detail z fresky „[[Athénská škola]]“ ve Vatikánu (1510).]] == Filosofové o filosofii == Myšlenky velkých filosofů nezastarávají a tím nejcitovanějším je dodnes Platón. Někteří filosofii charakterizovali takto: „Údiv je postoj člověka, který moudrost skutečně miluje, a není jiný počátek filosofie než tento.“ [[Platón]]&lt;ref&gt;Platón,''Theaitétos'', 155d &lt;/ref&gt; „Údiv vedl lidi k filosofování – na počátku i dnes – a to tak, že se zarazili s údivem u nejbližších otázek a potom se pomalu zamýšleli i nad většími věcmi… A kdo se zamýšlí a diví, ten se domnívá, že neví.“ [[Aristotelés]]&lt;ref&gt; Aristotelés, ''Metafysika'', 982b&lt;/ref&gt; „Kdo chce hledat radost sám v sobě, nenajde ji jinde než ve filosofii.“ [[Aristotelés]]&lt;ref&gt; Aristotelés, ''Politika'', 1267a &lt;/ref&gt; „Filosofie je péče (starost) o duši.“ [[Marcus Tullius Cicero|Cicero]]&lt;ref&gt;Cicero, ''Disp. Tusculanae'' II. 5. 13. &lt;/ref&gt; „Studium filosofie není k tomu, abychom věděli, co se lidé domnívali, ale jak se to má s pravdou věcí.“ [[Tomáš Akvinský]]&lt;ref&gt;Thomas de Akvino: ''De coelo et mundo, commentarius''. I, 22. ''Opuscula'' 41, in: ''Opera omnia'', Parma 1865, tom. 19, p. 36.&lt;/ref&gt; „Žít a nefilosofovat je jako mít zavřené oči a nikdy se ani nepokusit je otevřít.“ [[René Descartes]]&lt;ref&gt;Descartes, ''Les Principes de la philosophie'', předmluva.&lt;/ref&gt; [[Immanuel Kant]] vymezil úlohu filosofie třemi otázkami: „Co mohu vědět? Co mám činit? V co mohu doufat?“,&lt;ref&gt;Kant, ''Kritika čistého rozumu'', A 509&lt;/ref&gt; které lze shrnout do jediné: „Co je člověk?“ „Úkolem filosofie je pochopit to, co jest.“ [[Georg Wilhelm Friedrich Hegel|G. W. F. Hegel]]&lt;ref&gt;Hegel, ''Základy filosofie práva''. Praha 1992, str. 31&lt;/ref&gt; „Zachytit hranice rozumu – jen to je pravá filosofie.“ [[Friedrich Nietzsche]]&lt;ref&gt;F. Nietzsche, ''Antikrist'', § 55&lt;/ref&gt; „Velká filosofie není filosofie bez chyb, ale beze strachu.“ [[Charles Péguy]]&lt;ref&gt;Charles Péguy, ''Cahiers de la Quinzaine'' (1914)&lt;/ref&gt; „Filosofie není nauka, nýbrž činnost. Filosofické dílo sestává podstatně z objasnění.“ [[Ludwig Wittgenstein]]&lt;ref&gt;L. Wittgenstein, ''Tractatus logico-philosophicus'', 4.112&lt;/ref&gt; == Co je filosofie? == Od [[věda|věd]], které kdysi z filosofie vzešly, se filosofie liší jednak širší, vlastně neomezenou oblastí témat, jednak volnější metodou. Moderní vědy se omezují na to, co lze bezpečně doložit, vyzkoušet [[experiment]]em, modelovat a měřit, a co tedy platí úplně pro každého (pokud příslušné metodě rozumí). Nemohou tedy hodnotit, ptát se na smysl své činnosti ani odpovídat na prosté otázky, jaké kladou třeba děti – například, co je věda, co je to pravda nebo proč se nemá lhát. Naopak od poezie a literatury se filosofie liší tím, že se musí snažit o určité pojmové vyjadřování, ale hlavně tím, že každé své tvrzení musí umět nějak obhájit, tedy vysvětlit, proč říká to, co říká. Všechny lidské [[kultura (archeologie)|kultury]] měly a mají svoji tradiční [[moudrost]], vyprávění, básně a přísloví, která se v dané společnosti přijímají jako [[autorita]]. Na to, co říkají, se nelze zeptat „proč?“ Potíž začíná tam, kde na sebe dvě různé moudrosti narazí: která z nich teď platí? Právě v takové situaci řeckých měst vznikl někdy v 6. století př. n. l. nový způsob hledání či „touhy po moudrosti“ (filo-sofie), který se neopíral o [[Homér]]a ani [[Hésiodos|Hésioda]], nýbrž snažil se přijít věcem na kloub pozorováním, přemýšlením a argumentací, zkrátka vlastním [[rozum]]em a [[diskuse|diskusí]]. Rozum je totiž všem lidem společný a – jak říká [[René Descartes|Descartes]] – „mezi lidi nejlépe rozdělen“. Pokud je ale kritický i sám k sobě, nedělá si nárok na definitivně platnou moudrost, nýbrž ví, že ji bude vždycky jen hledat. Filosofie v tomto užším slova smyslu se tedy vyznačuje tím, že žádný [[názor]] ani tvrzení nemůže přijmout jako nepochybný a musí se vždycky ptát: je to opravdu tak? A proč? Na druhé straně jí nic nebrání zabývat se jakýmkoli tématem, využívat jakýchkoli pramenů a inspirací, nejen poznávat a popisovat, ale také kritizovat a hodnotit. Ve [[20. století]] se začal název filosofie používat v širším slova smyslu i pro vypracované systémy náboženské a školy moudrosti, a mluví se tedy i o filosofii indické, čínské nebo africké. V anglicky mluvící oblasti se běžně hovoří i o „filosofii“ ve významu např. firemní strategie nebo záměru a tento zvyk se přenáší i k nám. == Co není filosofie? == Filosofie nejsou definitivní odpovědi, ale přesto se po filosofii někdy vyžaduje, aby se neptala po smyslu života, ale rovnou jej stanovila. [[Jiří Michálek]] o tom píše: „Hovoří se také o filosofickém světovém názoru, ba dokonce si mnozí myslí, že takové vytvoření světového názoru je nejvyšším úkolem filosofie. Toto pojetí filosofie je v nefilosofické veřejnosti tak zakořeněno, že, pokud tomuto požadavku filosofie nedostojí, je považována za zbytečnou. Světový názor vždy nějak positivně a definitivně určuje [[jsoucno|jsoucna]] (říká co jsou) včetně člověka, uspořádává zkušenost zcela určitým směrem a tomu vše podřizuje, a tím zužuje a uzavírá lidský život a odnímá mu jeho nesamozřejmost. Filosofie je naopak vždy tím, co otvírá, začátkem a svým tázáním staví člověka do otevřeného pole možností a překonává přitom vždy zároveň sebe samu.“&lt;ref&gt;J. Michálek, ''Topologie výchovy'', Praha 1995, s. 17&lt;/ref&gt; == Filosofická metoda == Na rozdíl od jednotlivých věd, které se zpravidla vymezují také svojí specifickou metodou (matematickou, experimentální, historickou apod.), je filosofická metoda daleko volnější a začátečníkovi se může zdát, že žádná ani není. To je pravda potud, že filosofická práce se nedá popsat návodem, který by automaticky vedl k cíli. Na druhé straně filosofie vznikla právě tím, že na myšlení klade určité nároky. Tak filosofické myšlení má např. * vytvářet a používat pevné pojmy, * každé cizí tvrzení podrobit kritice, * každé vlastní být schopno racionálně zdůvodnit. Naopak zde neplatí žádné jiné autority než přesvědčivost racionálního argumentu. Filosofie nedělá experimenty a neměří; snaží se spíš chápat a rozumět. Jejím zdrojem může být přímá zkušenost, ale často jsou to třeba staré texty, které se snaží pochopit a vykládat – někdy se mluví o [[hermeneutika|hermeneutické]] metodě. Bývá pozadu za skutečností, kterou chce pochopit – proto říká Hegel, že „[[Minerva (mytologie)|Minervina]] sova létá za soumraku.“ Filosof se může snažit postupovat deduktivně jako Sókratés, [[Baruch Spinoza|Spinoza]] nebo Kant, může pozorovat a srovnávat jako Aristotelés a může klást proti sobě protikladná stanoviska jako Tomáš Akvinský, nemůže se ale zbavit závislosti na jazyku: záleží i na tom, jak věci říká. Některá filosofická díla, například Platónova, [[Friedrich Nietzsche|Nietzschova]], [[Jean-Paul Sartre|Sartrova]] nebo [[Martin Heidegger|Heideggerova]], mají blízko ke krásné literatuře. Někteří filosofové vytvářeli nová slova, aby se jejich pojmy nepletly, většina se ale snaží vystačit s běžným jazykem, protože se chce odvolávat na společnou lidskou zkušenost. Protože nevytváří definitivní a nepochybná tvrzení, nemá ani povahu kumulativního vědění, kde se jednotlivé poznatky prostě skládají k sobě. Na druhé straně by ale mělo být samozřejmé, že filosof zná stav diskuse k dané otázce, a to ne jen za posledních několik let. Pro dnešní medicínu má [[Hippokratés]] jen historický význam, kdežto pro filosofii je Platón stále aktuální; britský filosof [[Alfred North Whitehead|Whitehead]] dokonce napsal, že celá filosofie je jen komentář k Platónovi. Tak je filosofie vždycky diskusí, často napříč staletími. Málokdy se stane, aby se nějaký skutečný problém filosoficky „vyřešil“; spíš se udržuje a možná prohlubuje, přizpůsobuje měnícím se podmínkám našeho života. Někdy se rozlišuje mezi ''historickým'' a ''systematickým'' přístupem k filosofii. Ve skutečnosti nejsou ani dějiny filosofie pouze dějinami, nýbrž také inspirací k vlastnímu myšlení, kdežto systematický výklad nějakého tématu obvykle vyžaduje vyložit i jeho minulost, původ. Vedle dějin filosofie k tomu často slouží i rozbor původu slov ([[etymologie]]), protože jazyk a slova jako stopy či sedimenty staleté lidské zkušenosti a přemýšlení často odhalují pozoruhodné souvislosti. === Citování filosofické literatury === Na rozdíl od většiny empirických věd, které kumulují nové poznatky a kde se tedy zpravidla pracuje jen s nejnovější, většinou časopiseckou literaturou, udržuje filosofie diskusi s celou svou historií. Klasická díla vycházejí znovu a znovu, v původním jazyce i v překladech, a problém s jejich citováním je tedy podstatně odlišný. I když se většina filosofické literatury [[Citace|cituje]] běžným způsobem (např. autor, název, vydavatel, místo a rok, stránka), u některých nejvýznamnějších autorů se cituje způsobem, který na vydání nezávisí. V antice se básně a divadelní hry citovaly např. číslem zpěvu a verše ([[Homér]]), podobně se dodnes cituje i [[William Shakespeare|Shakespeare]] (název, jednání, výstup) nebo [[Bible]] (kniha, kapitola, verš). Díla [[Tomáš Akvinský|Tomáše Akvinského]] se také citují názvem díla, případně svazkem, a u jeho sum se uvádí číslo otázky (q. nebo ''quaest''.), článku v ní (a. nebo ''art''.), případně i bližší určení místa (např. ''resp''. = odpověď); např. „STh Ia. IIae, q. XV., a. 2“ znamená: ''Summa theologica'', první část druhého dílu, otázka 15, článek 2. Totéž místo lze citovat také stručněji jako „STh II. I. XV. 2“. Pro díla [[Platón]]ova a [[Aristotelés|Aristotelova]] se za základ bere tzv. editio princeps (hlavní vydání), jeho stránky příp. sloupce. U Platóna je to vydání pařížského vydavatele H. Étienne (latinsky Stephanus) z roku 1578, jehož stránkování se u lepších vydání a překladů uvádí na okraji (''in margine''). Přesnější určení místa umožňují buď písmena a – e, která zhruba označují pětiny stránky, nebo údaj sloupce a řádku podle oxfordského vydání J. Burneta. Tak na začátek dialogu ''Prótagorás'' se odkáže citací „Prot 309a“ nebo „Prot 309a1“. Pro dílo Aristotelovo je základem berlínské vydání A. I. Bekkera z let 1816–1823. Na začátek ''Etiky Nikomachovy'' se odkáže jako „Et. Nic. (nebo EN) 1094a1“, což znamená stranu 1094, první sloupec, první řádek. Starší literatura ovšem cituje číslo knihy, kapitoly a věty. Podobně je tomu i s dalšími významnými autory. Tak se [[René Descartes|Descartes]] cituje podle souborného vydání Adama a Tanneryho z let 1897–1913 (AT díl, stránka), [[Immanuel Kant|Kant]] podle „Akademie-Ausgabe“, Berlín (AA svazek, stránka), [[Friedrich Nietzsche|Nietzsche]] podle kritického vydání díla a dopisů (KGW, KGB) nebo podle příručního vydání (KSA, KSB), obojí od Colliho a Montinariho. Zvyk uvádět na okraji stránky prvního vydání se zachovává také u [[Martin Heidegger|Heideggerova]] „Bytí a času“ (1927). == Rozdělení filosofie == === Tradiční === * [[metafyzika]] – „první filosofie“, nauka o základech bytí; * [[logika]] – nauka o správném myšlení, řeči a argumentování; * [[etika]] – nauka o správném jednání. === Jiné dělení === ==== Teoretická filosofie ==== * [[metafyzika]] a [[ontologie]] – o celku bytí, o jeho počátku, povaze a smyslu;
            </text>
        </revision>
    </page>
</mediawiki>
